"","ID_check","grupo","Comp2_Q1","Comp2_Q2","resultados_Comp","X49_attention_check","condicion_SELF_01","reward_2_01","dificultad_easy_01","esfuerzo_50_01","fallo_01","condicion_SELF_02","reward_6_02","dificultad_easy_02","esfuerzo_50_02","fallo_02","condicion_SELF_03","reward_10_03","dificultad_easy_03","esfuerzo_50_03","fallo_03","condicion_SELF_04","reward_2_04","dificultad_easy_04","esfuerzo_65_04","fallo_04","condicion_SELF_05","reward_6_05","dificultad_easy_05","esfuerzo_65_05","fallo_05","condicion_SELF_06","reward_10_06","dificultad_easy_06","esfuerzo_65_06","fallo_06","condicion_SELF_07","reward_2_07","dificultad_hard_07","esfuerzo_80_07","fallo_07","condicion_SELF_08","reward_6_08","dificultad_hard_08","esfuerzo_80_08","fallo_08","condicion_SELF_09","reward_10_09","dificultad_hard_09","esfuerzo_80_09","fallo_09","condicion_SELF_10","reward_2_10","dificultad_hard_10","esfuerzo_95_10","reward_10_12","reward_10_15","reward_10_18","reward_10_21","reward_10_24","reward_10_27","reward_10_30","reward_10_33","reward_10_36","reward_10_39","reward_10_42","reward_10_45","reward_10_48","fallo_10","condicion_SELF_11","reward_6_11","dificultad_hard_11","esfuerzo_95_11","fallo_11","condicion_SELF_12","dificultad_hard_12","esfuerzo_95_12","fallo_12","condicion_SELF_13","reward_2_13","dificultad_easy_13","esfuerzo_50_13","fallo_13","condicion_SELF_14","reward_6_14","dificultad_easy_14","esfuerzo_50_14","fallo_14","condicion_SELF_15","dificultad_easy_15","esfuerzo_50_15","fallo_15","condicion_SELF_16","reward_2_16","dificultad_easy_16","esfuerzo_65_16","fallo_16","condicion_SELF_17","reward_6_17","dificultad_easy_17","esfuerzo_65_17","fallo_17","condicion_SELF_18","dificultad_easy_18","esfuerzo_65_18","fallo_18","condicion_SELF_19","reward_2_19","dificultad_hard_19","esfuerzo_80_19","fallo_19","condicion_SELF_20","reward_6_20","dificultad_hard_20","esfuerzo_80_20","fallo_20","condicion_SELF_21","dificultad_hard_21","esfuerzo_80_21","fallo_21","condicion_SELF_22","reward_2_22","dificultad_hard_22","esfuerzo_95_22","fallo_22","condicion_SELF_23","reward_6_23","dificultad_hard_23","esfuerzo_95_23","fallo_23","condicion_SELF_24","dificultad_hard_24","esfuerzo_95_24","fallo_24","condicion_OTHER_25","reward_2_25","dificultad_easy_25","esfuerzo_50_25","fallo_25","condicion_OTHER_26","reward_6_26","dificultad_easy_26","esfuerzo_50_26","fallo_26","condicion_OTHER_27","dificultad_easy_27","esfuerzo_50_27","fallo_27","condicion_OTHER_28","reward_2_28","dificultad_easy_28","esfuerzo_65_28","fallo_28","condicion_OTHER_29","reward_6_29","dificultad_easy_29","esfuerzo_65_29","fallo_29","condicion_OTHER_30","dificultad_easy_30","esfuerzo_65_30","fallo_30","condicion_OTHER_31","reward_2_31","dificultad_hard_31","esfuerzo_80_31","fallo_31","condicion_OTHER_32","reward_6_32","dificultad_hard_32","esfuerzo_80_32","fallo_32","condicion_OTHER_33","dificultad_hard_33","esfuerzo_80_33","fallo_33","condicion_OTHER_34","reward_2_34","dificultad_hard_34","esfuerzo_95_34","fallo_34","condicion_OTHER_35","reward_6_35","dificultad_hard_35","esfuerzo_95_35","fallo_35","condicion_OTHER_36","dificultad_hard_36","esfuerzo_95_36","fallo_36","condicion_OTHER_37","reward_2_37","dificultad_easy_37","esfuerzo_50_37","fallo_37","condicion_OTHER_38","reward_6_38","dificultad_easy_38","esfuerzo_50_38","fallo_38","condicion_OTHER_39","dificultad_easy_39","esfuerzo_50_39","fallo_39","condicion_OTHER_40","reward_2_40","dificultad_easy_40","esfuerzo_65_40","fallo_40","condicion_OTHER_41","reward_6_41","dificultad_easy_41","esfuerzo_65_41","fallo_41","condicion_OTHER_42","dificultad_easy_42","esfuerzo_65_42","fallo_42","condicion_OTHER_43","reward_2_43","dificultad_hard_43","esfuerzo_80_43","fallo_43","condicion_OTHER_44","reward_6_44","dificultad_hard_44","esfuerzo_80_44","fallo_44","condicion_OTHER_45","dificultad_hard_45","esfuerzo_80_45","fallo_45","condicion_OTHER_46","reward_2_46","dificultad_hard_46","esfuerzo_95_46","fallo_46","condicion_OTHER_47","reward_6_47","dificultad_hard_47","esfuerzo_95_47","fallo_47","condicion_OTHER_48","dificultad_hard_48","esfuerzo_95_48","fallo_48","trabajo_self","trabajo_other","zeros_SELF","zeros_OTHER","zeros_TOTAL","count_omitidas_SELF","count_omitidas_OTHER","count_omitidas_TOTAL","trabajo_self_ajustado","trabajo_other_ajustado"
"1","3771","Vulnerable",NA,NA,0,NA,1,1,1,1,NA,1,1,1,1,NA,2,2,2,2,NA,1,1,1,1,NA,1,1,1,1,NA,1,1,1,1,NA,1,1,1,1,NA,1,1,1,1,NA,1,1,1,1,NA,1,1,1,1,1,1,1,0,1,1,2,1,1,1,1,1,1,NA,1,1,1,1,NA,1,1,1,NA,1,1,1,1,NA,1,1,1,1,NA,1,1,1,NA,1,1,1,1,NA,1,1,1,1,NA,1,1,1,NA,1,1,1,1,NA,1,1,1,1,NA,0,0,0,NA,1,1,1,1,NA,1,1,1,1,NA,1,1,1,NA,1,1,1,1,NA,1,1,1,1,NA,1,1,1,NA,1,1,1,1,NA,1,1,1,1,NA,2,2,2,NA,1,1,1,1,NA,1,1,1,1,NA,1,1,1,1,1,1,1,1,NA,1,1,1,1,NA,1,1,1,NA,1,1,1,1,NA,1,1,1,1,NA,1,1,1,NA,1,1,1,1,NA,0,0,0,0,NA,1,1,1,NA,1,1,1,1,NA,1,1,1,1,NA,1,1,1,NA,1,1,1,1,NA,1,1,1,1,NA,1,1,1,NA,91.67,91.67,4.17,4.17,4.17,1,1,2,95.65,95.65
"2","4436","Vulnerable",NA,NA,0,NA,1,1,1,1,1,1,1,1,1,1,0,0,0,0,NA,1,1,1,1,1,1,1,1,1,1,1,1,1,1,1,2,2,2,2,NA,2,2,2,2,NA,1,1,1,1,1,1,1,1,1,1,1,1,1,1,1,2,1,1,1,1,1,1,1,1,1,1,1,1,1,1,1,1,1,1,1,1,1,1,1,1,1,1,1,1,1,1,1,1,1,1,1,1,1,1,1,1,1,1,1,NA,1,1,1,1,1,1,1,1,1,1,1,1,1,1,1,1,1,1,NA,1,1,1,1,1,1,1,1,1,1,1,1,1,1,1,1,1,1,1,1,1,1,1,1,1,1,1,1,1,1,1,1,1,2,2,2,1.014,1,1,1,1,1,1,1,1,1,1,1,1,1,1,2,2,2,2,1.113,1,1,1,1,1,1,1,1,1,1,1,1,1,1,1,1,1,1,1,1,1,1,1,1,1,1,1,1,1,1,1,1,1,1,1,1,1,1,1,1,1,1,1,1,1,1,1,1,1,1,1,1,1,1,1,1,1,1,1,1,1,1,1,1,1,87.5,91.67,4.17,0,2.08,1,0,1,91.3,91.67
"3","4336","Vulnerable",NA,NA,0,4,1,1,1,1,NA,1,1,1,1,NA,1,1,1,1,NA,1,1,1,1,NA,1,1,1,1,NA,0,0,0,0,NA,1,1,1,1,NA,1,1,1,1,NA,1,1,1,1,NA,1,1,1,1,1,1,1,1,1,2,2,1,0,2,0,2,0,1,1,1,1,1,NA,1,1,1,NA,1,1,1,1,1,1,1,1,1,1,1,1,1,NA,1,1,1,1,NA,1,1,1,1,1,1,1,1,NA,1,1,1,1,1,1,1,1,1,NA,1,1,1,1,1,1,1,1,1,1,1,1,1,1,1,1,1,1,0,0,0,0,NA,1,1,1,1,NA,2,2,2,NA,2,2,2,2,NA,0,0,0,0,NA,2,2,2,NA,0,0,0,0,NA,2,2,2,2,NA,1,1,1,NA,0,0,0,0,NA,0,0,0,0,NA,0,0,0,NA,2,2,2,2,NA,0,0,0,0,NA,2,2,2,NA,0,0,0,0,NA,1,1,1,1,NA,0,0,0,NA,2,2,2,2,NA,0,0,0,0,NA,2,2,2,NA,0,0,0,0,NA,1,1,1,1,1,0,0,0,NA,95.83,16.67,4.17,50,27.08,1,12,13,100,33.33
"4","0849","Vulnerable",NA,NA,0,NA,1,1,1,1,NA,1,1,1,1,NA,1,1,1,1,NA,1,1,1,1,NA,1,1,1,1,NA,1,1,1,1,NA,1,1,1,1,NA,1,1,1,1,NA,1,1,1,1,NA,0,0,0,0,1,1,1,1,1,1,1,1,1,1,1,1,1,NA,0,0,0,0,NA,1,1,1,NA,1,1,1,1,NA,1,1,1,1,NA,1,1,1,NA,1,1,1,1,NA,1,1,1,1,1,1,1,1,NA,1,1,1,1,NA,0,0,0,0,NA,1,1,1,NA,1,1,1,1,NA,1,1,1,1,NA,1,1,1,NA,1,1,1,1,NA,1,1,1,1,NA,1,1,1,NA,1,1,1,1,NA,0,0,0,0,NA,1,1,1,NA,1,1,1,1,NA,1,1,1,1,1,1,1,1,NA,1,1,1,1,NA,1,1,1,1,NA,1,1,1,NA,1,1,1,1,NA,1,1,1,1,NA,1,1,1,NA,1,1,1,1,NA,1,1,1,1,NA,1,1,1,NA,1,1,1,1,NA,1,1,1,1,NA,1,1,1,NA,1,1,1,1,NA,1,1,1,1,NA,1,1,1,NA,87.5,95.83,12.5,4.17,8.33,3,1,4,100,100
"5","2411","Vulnerable",3,2,1,4,1,1,1,1,NA,1,1,1,1,1,0,0,0,0,NA,1,1,1,1,NA,0,0,0,0,NA,1,1,1,1,NA,1,1,1,1,NA,0,0,0,0,NA,2,2,2,2,NA,1,1,1,1,1,1,1,1,1,1,0,1,0,1,1,1,1,NA,0,0,0,0,NA,1,1,1,NA,1,1,1,1,NA,1,1,1,1,NA,1,1,1,NA,1,1,1,1,1,1,1,1,1,NA,1,1,1,1,2,2,2,2,NA,1,1,1,1,1,1,1,1,NA,1,1,1,1,NA,1,1,1,1,1,1,1,1,1,1,1,1,1,NA,2,2,2,2,NA,1,1,1,NA,0,0,0,0,NA,1,1,1,1,NA,0,0,0,NA,1,1,1,1,NA,0,0,0,0,NA,1,1,1,NA,1,1,1,1,NA,0,0,0,0,NA,0,0,0,NA,1,1,1,1,NA,1,1,1,1,NA,1,1,1,NA,1,1,1,1,NA,1,1,1,1,NA,1,1,1,NA,1,1,1,1,NA,1,1,1,1,NA,1,1,1,NA,1,1,1,1,NA,1,1,1,1,NA,1,1,1,NA,75,75,16.67,20.83,18.75,4,5,9,90,94.74
"6","4883","Vulnerable",NA,NA,0,4,1,1,1,1,NA,1,1,1,1,NA,1,1,1,1,NA,1,1,1,1,NA,1,1,1,1,NA,1,1,1,1,NA,0,0,0,0,NA,1,1,1,1,NA,1,1,1,1,NA,1,1,1,1,2,1,1,1,0,1,0,1,2,0,1,2,0,NA,1,1,1,1,1,2,2,2,NA,2,2,2,2,1.112,0,0,0,0,NA,1,1,1,NA,0,0,0,0,NA,1,1,1,1,NA,1,1,1,1,2,2,2,2,1.113,1,1,1,1,NA,1,1,1,NA,1,1,1,1,NA,2,2,2,2,NA,0,0,0,NA,0,0,0,0,NA,1,1,1,1,1,1,1,1,NA,1,1,1,1,1,1,1,1,1,NA,0,0,0,NA,0,0,0,0,NA,2,2,2,2,NA,1,1,1,NA,1,1,1,1,NA,1,1,1,1,NA,2,2,2,1.115,0,0,0,0,NA,1,1,1,1,NA,0,0,0,NA,2,2,2,2,NA,0,0,0,0,NA,1,1,1,NA,0,0,0,0,NA,1,1,1,1,NA,2,2,2,NA,2,2,2,2,NA,2,2,2,2,NA,0,0,0,NA,66.67,41.67,16.67,33.33,25,4,8,12,80,62.5
"7","7047","Vulnerable",NA,NA,0,NA,1,1,1,1,NA,1,1,1,1,NA,1,1,1,1,NA,0,0,0,0,NA,1,1,1,1,NA,1,1,1,1,NA,0,0,0,0,NA,1,1,1,1,NA,1,1,1,1,NA,1,1,1,1,1,1,1,1,1,1,1,1,1,1,1,1,0,NA,1,1,1,1,NA,1,1,1,NA,1,1,1,1,NA,0,0,0,0,NA,1,1,1,NA,1,1,1,1,NA,1,1,1,1,NA,1,1,1,NA,0,0,0,0,NA,0,0,0,0,NA,1,1,1,NA,1,1,1,1,NA,1,1,1,1,NA,1,1,1,NA,1,1,1,1,NA,1,1,1,1,1,1,1,1,NA,1,1,1,1,NA,1,1,1,1,NA,1,1,1,NA,0,0,0,0,NA,1,1,1,1,1,1,1,1,NA,1,1,1,1,NA,1,1,1,1,NA,1,1,1,NA,1,1,1,1,NA,0,0,0,0,NA,1,1,1,NA,1,1,1,1,NA,1,1,1,1,NA,1,1,1,NA,0,0,0,0,NA,1,1,1,1,NA,1,1,1,NA,1,1,1,1,NA,1,1,1,1,NA,0,0,0,NA,79.17,83.33,20.83,16.67,18.75,5,4,9,100,100
"8","1423","Vulnerable",NA,NA,0,NA,1,1,1,1,NA,1,1,1,1,NA,1,1,1,1,NA,1,1,1,1,NA,1,1,1,1,NA,1,1,1,1,NA,1,1,1,1,NA,1,1,1,1,NA,1,1,1,1,NA,1,1,1,1,1,1,1,1,0,1,1,1,1,1,1,1,1,NA,1,1,1,1,NA,1,1,1,NA,1,1,1,1,NA,1,1,1,1,NA,1,1,1,NA,1,1,1,1,NA,1,1,1,1,NA,1,1,1,NA,1,1,1,1,NA,1,1,1,1,NA,1,1,1,NA,1,1,1,1,NA,1,1,1,1,NA,0,0,0,NA,1,1,1,1,NA,1,1,1,1,NA,1,1,1,NA,2,2,2,2,NA,1,1,1,1,NA,1,1,1,NA,1,1,1,1,NA,1,1,1,1,NA,1,1,1,NA,1,1,1,1,NA,1,1,1,1,NA,1,1,1,1,1,1,1,1,NA,1,1,1,1,NA,1,1,1,NA,1,1,1,1,NA,1,1,1,1,NA,1,1,1,NA,1,1,1,1,NA,1,1,1,1,NA,1,1,1,NA,1,1,1,1,NA,1,1,1,1,NA,1,1,1,NA,95.83,95.83,4.17,0,2.08,1,0,1,100,95.83
"9","9585","Vulnerable",NA,NA,0,NA,1,1,1,1,NA,1,1,1,1,NA,1,1,1,1,NA,1,1,1,1,NA,1,1,1,1,NA,1,1,1,1,NA,1,1,1,1,NA,1,1,1,1,NA,1,1,1,1,NA,1,1,1,1,1,1,1,1,1,1,1,1,1,1,1,1,1,NA,1,1,1,1,NA,1,1,1,NA,1,1,1,1,NA,1,1,1,1,NA,1,1,1,NA,1,1,1,1,NA,1,1,1,1,NA,1,1,1,NA,1,1,1,1,NA,1,1,1,1,NA,1,1,1,NA,1,1,1,1,NA,1,1,1,1,NA,1,1,1,NA,1,1,1,1,NA,1,1,1,1,NA,1,1,1,NA,1,1,1,1,NA,1,1,1,1,NA,1,1,1,NA,1,1,1,1,NA,1,1,1,1,NA,1,1,1,NA,1,1,1,1,NA,1,1,1,1,NA,1,1,1,NA,1,1,1,1,NA,1,1,1,1,NA,1,1,1,NA,1,1,1,1,NA,1,1,1,1,NA,1,1,1,NA,1,1,1,1,NA,1,1,1,1,NA,1,1,1,NA,1,1,1,1,NA,1,1,1,1,NA,1,1,1,NA,100,100,0,0,0,0,0,0,100,100
"10","8228","Vulnerable",NA,NA,0,NA,1,1,1,1,NA,2,2,2,2,NA,1,1,1,1,NA,1,1,1,1,NA,1,1,1,1,NA,2,2,2,2,NA,1,1,1,1,NA,1,1,1,1,NA,1,1,1,1,NA,1,1,1,1,1,1,1,1,1,1,1,2,2,1,1,2,2,NA,1,1,1,1,NA,1,1,1,NA,1,1,1,1,NA,1,1,1,1,NA,1,1,1,NA,1,1,1,1,NA,1,1,1,1,NA,1,1,1,NA,1,1,1,1,NA,1,1,1,1,NA,1,1,1,NA,2,2,2,2,NA,1,1,1,1,NA,1,1,1,NA,1,1,1,1,NA,1,1,1,1,NA,1,1,1,NA,2,2,2,2,NA,2,2,2,2,NA,1,1,1,NA,2,2,2,2,NA,2,2,2,2,NA,2,2,2,NA,1,1,1,1,NA,1,1,1,1,NA,2,2,2,NA,2,2,2,2,NA,1,1,1,1,NA,1,1,1,NA,1,1,1,1,NA,2,2,2,2,NA,1,1,1,NA,2,2,2,2,NA,2,2,2,2,NA,2,2,2,NA,1,1,1,1,NA,1,1,1,1,NA,2,2,2,NA,87.5,50,0,0,0,0,0,0,87.5,50
"11","9912","Vulnerable",NA,NA,0,4,1,1,1,1,NA,1,1,1,1,NA,1,1,1,1,NA,1,1,1,1,NA,1,1,1,1,NA,1,1,1,1,NA,1,1,1,1,NA,1,1,1,1,NA,1,1,1,1,NA,1,1,1,1,1,1,1,1,1,2,0,1,2,0,2,2,0,NA,1,1,1,1,NA,1,1,1,NA,1,1,1,1,NA,1,1,1,1,NA,1,1,1,NA,1,1,1,1,NA,1,1,1,1,1,1,1,1,1,1,1,1,1,NA,1,1,1,1,NA,1,1,1,NA,1,1,1,1,NA,1,1,1,1,NA,1,1,1,NA,2,2,2,2,NA,1,1,1,1,NA,2,2,2,NA,1,1,1,1,NA,0,0,0,0,NA,0,0,0,NA,2,2,2,2,NA,2,2,2,2,NA,1,1,1,NA,1,1,1,1,NA,2,2,2,2,NA,2,2,2,NA,0,0,0,0,NA,1,1,1,1,NA,0,0,0,NA,0,0,0,0,NA,1,1,1,1,1,2,2,2,NA,0,0,0,0,NA,1,1,1,1,1,2,2,2,NA,1,1,1,1,1,1,1,1,1,1,0,0,0,NA,100,37.5,0,29.17,14.58,0,7,7,100,52.94
"12","6802","Vulnerable",1,2,1,NA,1,1,1,1,NA,0,0,0,0,NA,1,1,1,1,NA,1,1,1,1,NA,1,1,1,1,NA,1,1,1,1,NA,1,1,1,1,NA,1,1,1,1,NA,1,1,1,1,NA,1,1,1,1,1,1,1,1,1,0,1,0,1,2,1,2,0,NA,1,1,1,1,1,1,1,1,NA,1,1,1,1,1,1,1,1,1,1,1,1,1,1,0,0,0,0,NA,1,1,1,1,1,1,1,1,NA,0,0,0,0,NA,1,1,1,1,NA,1,1,1,1,1,1,1,1,NA,1,1,1,1,NA,1,1,1,NA,0,0,0,0,NA,0,0,0,0,NA,0,0,0,NA,0,0,0,0,NA,0,0,0,0,NA,1,1,1,NA,0,0,0,0,NA,2,2,2,2,NA,0,0,0,NA,2,2,2,2,NA,2,2,2,2,NA,1,1,1,1,2,2,2,2,NA,0,0,0,0,NA,2,2,2,NA,0,0,0,0,NA,1,1,1,1,NA,1,1,1,NA,2,2,2,2,NA,1,1,1,1,NA,2,2,2,NA,0,0,0,0,NA,1,1,1,1,1,0,0,0,NA,87.5,25,12.5,45.83,29.17,3,11,14,100,46.15
"13","8604","Vulnerable",NA,NA,0,NA,1,1,1,1,NA,1,1,1,1,NA,1,1,1,1,NA,1,1,1,1,NA,1,1,1,1,NA,1,1,1,1,NA,0,0,0,0,NA,1,1,1,1,NA,1,1,1,1,NA,1,1,1,1,1,0,1,1,1,1,1,1,1,1,1,1,1,NA,1,1,1,1,NA,1,1,1,1,1,1,1,1,NA,0,0,0,0,NA,0,0,0,NA,1,1,1,1,NA,1,1,1,1,NA,1,1,1,NA,0,0,0,0,NA,1,1,1,1,NA,1,1,1,NA,1,1,1,1,NA,1,1,1,1,NA,1,1,1,NA,1,1,1,1,NA,1,1,1,1,1,1,1,1,1,1,1,1,1,NA,1,1,1,1,NA,1,1,1,NA,1,1,1,1,1,1,1,1,1,NA,1,1,1,NA,1,1,1,1,NA,1,1,1,1,NA,1,1,1,NA,1,1,1,1,NA,1,1,1,1,NA,1,1,1,NA,1,1,1,1,NA,1,1,1,1,NA,1,1,1,NA,1,1,1,1,NA,1,1,1,1,NA,1,1,1,1,1,1,1,1,NA,0,0,0,0,NA,1,1,1,NA,83.33,95.83,16.67,4.17,10.42,4,1,5,100,100
"14","1019","Vulnerable",NA,NA,0,NA,1,1,1,1,NA,1,1,1,1,NA,1,1,1,1,NA,1,1,1,1,NA,1,1,1,1,NA,1,1,1,1,NA,1,1,1,1,NA,1,1,1,1,NA,1,1,1,1,NA,1,1,1,1,1,1,1,1,1,2,2,2,2,2,2,2,2,NA,1,1,1,1,NA,1,1,1,NA,1,1,1,1,NA,1,1,1,1,1,1,1,1,NA,1,1,1,1,NA,1,1,1,1,NA,1,1,1,NA,1,1,1,1,NA,1,1,1,1,NA,1,1,1,NA,1,1,1,1,NA,1,1,1,1,NA,1,1,1,NA,2,2,2,2,NA,0,0,0,0,NA,2,2,2,NA,2,2,2,2,NA,2,2,2,2,NA,2,2,2,NA,2,2,2,2,NA,1,1,1,1,NA,2,2,2,NA,2,2,2,2,NA,2,2,2,2,NA,2,2,2,NA,2,2,2,2,NA,0,0,0,0,NA,2,2,2,NA,2,2,2,2,NA,2,2,2,2,NA,2,2,2,NA,2,2,2,2,NA,2,2,2,2,NA,2,2,2,NA,2,2,2,2,NA,2,2,2,2,NA,2,2,2,NA,100,4.17,0,8.33,4.17,0,2,2,100,4.55
"15","1252","Vulnerable",NA,NA,0,NA,1,1,1,1,NA,0,0,0,0,NA,1,1,1,1,NA,1,1,1,1,NA,1,1,1,1,1,1,1,1,1,NA,1,1,1,1,1,1,1,1,1,NA,1,1,1,1,NA,2,2,2,2,2,1,2,1,1,1,2,1,2,1,1,1,1,NA,1,1,1,1,NA,2,2,2,NA,1,1,1,1,1,1,1,1,1,NA,1,1,1,NA,1,1,1,1,NA,1,1,1,1,NA,2,2,2,NA,1,1,1,1,NA,1,1,1,1,NA,1,1,1,NA,1,1,1,1,NA,1,1,1,1,NA,1,1,1,NA,0,0,0,0,NA,1,1,1,1,NA,1,1,1,NA,1,1,1,1,NA,1,1,1,1,NA,2,2,2,NA,1,1,1,1,NA,1,1,1,1,NA,1,1,1,NA,1,1,1,1,NA,2,2,2,2,1.016,2,2,2,NA,1,1,1,1,NA,1,1,1,1,NA,1,1,1,NA,1,1,1,1,NA,1,1,1,1,NA,1,1,1,NA,1,1,1,1,NA,1,1,1,1,NA,1,1,1,NA,1,1,1,1,NA,1,1,1,1,NA,1,1,1,NA,83.33,83.33,4.17,4.17,4.17,1,1,2,86.96,86.96
"16","6469","Vulnerable",NA,NA,0,4,1,1,1,1,NA,0,0,0,0,NA,1,1,1,1,NA,1,1,1,1,NA,1,1,1,1,NA,1,1,1,1,NA,1,1,1,1,NA,1,1,1,1,NA,1,1,1,1,NA,1,1,1,1,1,1,1,1,1,1,1,1,0,1,1,2,1,NA,1,1,1,1,NA,1,1,1,NA,1,1,1,1,NA,1,1,1,1,1,1,1,1,1,1,1,1,1,NA,1,1,1,1,NA,1,1,1,1,1,1,1,1,1,1,1,1,1,NA,1,1,1,1,2,2,2,2,1.011,2,2,2,2,NA,1,1,1,1,1,1,1,1,NA,1,1,1,1,NA,1,1,1,NA,2,2,2,2,NA,1,1,1,1,NA,1,1,1,NA,1,1,1,1,NA,1,1,1,1,NA,1,1,1,NA,0,0,0,0,NA,2,2,2,2,NA,0,0,0,NA,1,1,1,1,1,1,1,1,1,1,1,1,1,1,1,1,1,1,1,1,1,1,1,1,1,1,1,1,2,2,2,2,NA,1,1,1,1,1,2,2,2,NA,1,1,1,1,1,2,2,2,2,NA,1,1,1,1,87.5,70.83,4.17,8.33,6.25,1,2,3,91.3,77.27
"17","7937","Vulnerable",NA,NA,0,NA,1,1,1,1,NA,1,1,1,1,NA,1,1,1,1,NA,1,1,1,1,NA,1,1,1,1,NA,1,1,1,1,NA,0,0,0,0,NA,1,1,1,1,NA,1,1,1,1,NA,1,1,1,1,1,1,1,1,1,1,1,1,1,0,1,1,1,NA,1,1,1,1,NA,1,1,1,NA,0,0,0,0,NA,1,1,1,1,NA,1,1,1,NA,1,1,1,1,NA,1,1,1,1,NA,1,1,1,NA,1,1,1,1,NA,1,1,1,1,NA,1,1,1,NA,1,1,1,1,NA,1,1,1,1,NA,1,1,1,NA,1,1,1,1,1,1,1,1,1,NA,1,1,1,NA,1,1,1,1,NA,1,1,1,1,NA,1,1,1,NA,1,1,1,1,NA,1,1,1,1,NA,1,1,1,NA,1,1,1,1,NA,1,1,1,1,NA,1,1,1,NA,2,2,2,2,NA,2,2,2,2,NA,0,0,0,NA,1,1,1,1,1,1,1,1,1,NA,1,1,1,NA,1,1,1,1,NA,1,1,1,1,NA,1,1,1,NA,1,1,1,1,NA,1,1,1,1,NA,1,1,1,NA,91.67,87.5,8.33,4.17,6.25,2,1,3,100,91.3
"18","1817","Vulnerable",NA,NA,0,NA,1,1,1,1,NA,1,1,1,1,NA,1,1,1,1,NA,1,1,1,1,NA,1,1,1,1,NA,1,1,1,1,NA,1,1,1,1,NA,1,1,1,1,NA,1,1,1,1,NA,1,1,1,1,1,1,1,1,1,1,1,1,0,1,0,0,0,NA,1,1,1,1,NA,1,1,1,NA,1,1,1,1,NA,1,1,1,1,NA,1,1,1,NA,1,1,1,1,NA,1,1,1,1,NA,1,1,1,NA,1,1,1,1,NA,0,0,0,0,NA,1,1,1,NA,1,1,1,1,1,1,1,1,1,1,1,1,1,1,1,1,1,1,NA,1,1,1,1,NA,1,1,1,NA,1,1,1,1,NA,1,1,1,1,NA,1,1,1,NA,1,1,1,1,NA,1,1,1,1,1,1,1,1,NA,1,1,1,1,NA,0,0,0,0,NA,0,0,0,NA,0,0,0,0,NA,0,0,0,0,NA,1,1,1,NA,2,2,2,2,NA,0,0,0,0,NA,0,0,0,NA,0,0,0,0,NA,0,0,0,0,NA,0,0,0,NA,0,0,0,0,NA,0,0,0,0,NA,0,0,0,NA,95.83,45.83,4.17,50,27.08,1,12,13,100,91.67
"19","3928","Vulnerable",NA,NA,0,NA,1,1,1,1,NA,1,1,1,1,NA,1,1,1,1,NA,0,0,0,0,NA,1,1,1,1,NA,0,0,0,0,NA,1,1,1,1,NA,1,1,1,1,NA,1,1,1,1,NA,0,0,0,0,2,1,1,1,1,0,1,0,1,0,1,1,1,NA,0,0,0,0,NA,2,2,2,NA,1,1,1,1,NA,1,1,1,1,NA,1,1,1,1,2,2,2,2,1.111,1,1,1,1,1,1,1,1,1,1,1,1,1,NA,1,1,1,1,NA,1,1,1,1,1,1,1,1,NA,1,1,1,1,NA,1,1,1,NA,1,1,1,1,NA,1,1,1,1,NA,0,0,0,NA,1,1,1,1,NA,0,0,0,0,NA,1,1,1,NA,1,1,1,1,NA,1,1,1,1,NA,0,0,0,NA,1,1,1,1,NA,1,1,1,1,NA,1,1,1,1,1,1,1,1,1,1,1,1,1,NA,0,0,0,NA,0,0,0,0,NA,1,1,1,1,1,1,1,1,1,1,1,1,1,1,1,1,1,1,1,1,1,1,NA,1,1,1,1,1,1,1,1,1,1,1,1,1,1,75,79.17,16.67,20.83,18.75,4,5,9,90,100
"20","9477","Vulnerable",NA,NA,0,4,1,1,1,1,NA,1,1,1,1,NA,1,1,1,1,NA,1,1,1,1,NA,1,1,1,1,NA,1,1,1,1,NA,1,1,1,1,NA,1,1,1,1,NA,1,1,1,1,NA,0,0,0,0,1,1,1,1,0,1,0,1,0,1,1,1,1,NA,1,1,1,1,NA,1,1,1,NA,0,0,0,0,NA,1,1,1,1,1,1,1,1,NA,1,1,1,1,NA,0,0,0,0,NA,1,1,1,1,1,1,1,1,NA,1,1,1,1,NA,1,1,1,NA,0,0,0,0,NA,1,1,1,1,1,0,0,0,NA,1,1,1,1,1,0,0,0,0,NA,1,1,1,NA,1,1,1,1,NA,1,1,1,1,1,0,0,0,NA,1,1,1,1,NA,1,1,1,1,NA,1,1,1,NA,0,0,0,0,NA,0,0,0,0,NA,0,0,0,NA,1,1,1,1,NA,1,1,1,1,NA,1,1,1,NA,1,1,1,1,NA,1,1,1,1,NA,1,1,1,NA,1,1,1,1,NA,1,1,1,1,NA,1,1,1,NA,0,0,0,0,NA,1,1,1,1,NA,1,1,1,NA,79.17,75,20.83,25,22.92,5,6,11,100,100
"21","1388","Vulnerable",NA,NA,0,NA,1,1,1,1,NA,1,1,1,1,NA,1,1,1,1,NA,1,1,1,1,NA,1,1,1,1,NA,1,1,1,1,NA,1,1,1,1,NA,0,0,0,0,NA,1,1,1,1,NA,1,1,1,1,1,1,1,1,1,2,1,0,2,0,0,0,0,NA,1,1,1,1,1,1,1,1,1,1,1,1,1,1,1,1,1,1,1,1,1,1,NA,1,1,1,1,1,0,0,0,0,NA,1,1,1,NA,1,1,1,1,1,0,0,0,0,NA,1,1,1,1,1,1,1,1,NA,1,1,1,1,NA,1,1,1,NA,0,0,0,0,NA,0,0,0,0,NA,2,2,2,NA,0,0,0,0,NA,0,0,0,0,NA,1,1,1,NA,0,0,0,0,NA,2,2,2,2,1.108,0,0,0,NA,1,1,1,1,1,2,2,2,2,1.009,2,2,2,NA,0,0,0,0,NA,0,0,0,0,NA,0,0,0,NA,1,1,1,1,NA,0,0,0,0,NA,0,0,0,NA,0,0,0,0,NA,0,0,0,0,NA,0,0,0,NA,0,0,0,0,NA,2,2,2,2,NA,0,0,0,NA,87.5,12.5,12.5,66.67,39.58,3,16,19,100,37.5
"22","7512","Vulnerable",3,1,1,NA,0,0,0,0,NA,0,0,0,0,NA,0,0,0,0,NA,0,0,0,0,NA,1,1,1,1,NA,0,0,0,0,NA,1,1,1,1,NA,1,1,1,1,NA,1,1,1,1,NA,1,1,1,1,1,1,1,1,1,0,1,1,1,1,1,1,1,NA,1,1,1,1,NA,1,1,1,NA,1,1,1,1,NA,1,1,1,1,NA,1,1,1,1,1,1,1,1,NA,1,1,1,1,NA,1,1,1,NA,1,1,1,1,1,1,1,1,1,NA,1,1,1,NA,1,1,1,1,NA,1,1,1,1,NA,1,1,1,NA,1,1,1,1,NA,1,1,1,1,NA,0,0,0,NA,1,1,1,1,NA,1,1,1,1,NA,1,1,1,NA,0,0,0,0,NA,1,1,1,1,NA,1,1,1,NA,1,1,1,1,NA,1,1,1,1,NA,1,1,1,NA,1,1,1,1,NA,1,1,1,1,NA,1,1,1,NA,1,1,1,1,NA,1,1,1,1,NA,1,1,1,NA,1,1,1,1,NA,1,1,1,1,NA,1,1,1,NA,1,1,1,1,NA,1,1,1,1,1,1,1,1,NA,79.17,91.67,20.83,8.33,14.58,5,2,7,100,100
"23","7875","Vulnerable",NA,NA,0,NA,1,1,1,1,NA,1,1,1,1,NA,1,1,1,1,NA,1,1,1,1,NA,1,1,1,1,NA,1,1,1,1,NA,1,1,1,1,NA,1,1,1,1,NA,1,1,1,1,NA,1,1,1,1,1,1,1,1,1,1,1,1,0,1,1,1,1,NA,1,1,1,1,NA,1,1,1,NA,1,1,1,1,1,1,1,1,1,NA,1,1,1,NA,1,1,1,1,NA,1,1,1,1,NA,1,1,1,NA,1,1,1,1,1,1,1,1,1,NA,1,1,1,NA,1,1,1,1,NA,1,1,1,1,NA,1,1,1,1,0,0,0,0,NA,1,1,1,1,NA,1,1,1,NA,1,1,1,1,NA,1,1,1,1,NA,1,1,1,NA,0,0,0,0,NA,1,1,1,1,NA,1,1,1,NA,1,1,1,1,NA,1,1,1,1,NA,0,0,0,NA,1,1,1,1,NA,1,1,1,1,NA,1,1,1,NA,1,1,1,1,NA,1,1,1,1,NA,1,1,1,NA,1,1,1,1,NA,1,1,1,1,NA,1,1,1,NA,1,1,1,1,NA,0,0,0,0,NA,1,1,1,NA,100,83.33,0,16.67,8.33,0,4,4,100,100
"24","7389","Vulnerable",NA,NA,0,NA,1,1,1,1,NA,1,1,1,1,NA,1,1,1,1,NA,1,1,1,1,NA,1,1,1,1,NA,1,1,1,1,NA,1,1,1,1,NA,1,1,1,1,NA,1,1,1,1,NA,1,1,1,1,1,1,1,1,1,1,1,1,1,0,1,1,1,NA,2,2,2,2,NA,1,1,1,NA,1,1,1,1,1,1,1,1,1,NA,1,1,1,NA,1,1,1,1,1,1,1,1,1,NA,1,1,1,NA,1,1,1,1,NA,1,1,1,1,NA,1,1,1,NA,1,1,1,1,1,1,1,1,1,NA,1,1,1,NA,0,0,0,0,NA,1,1,1,1,NA,1,1,1,NA,1,1,1,1,NA,1,1,1,1,NA,1,1,1,NA,1,1,1,1,NA,1,1,1,1,NA,1,1,1,NA,0,0,0,0,NA,1,1,1,1,NA,1,1,1,NA,1,1,1,1,NA,1,1,1,1,NA,0,0,0,NA,1,1,1,1,NA,1,1,1,1,NA,1,1,1,NA,1,1,1,1,NA,1,1,1,1,NA,1,1,1,NA,1,1,1,1,NA,0,0,0,0,NA,1,1,1,NA,95.83,83.33,0,16.67,8.33,0,4,4,95.83,100
"25","3210","Vulnerable",NA,NA,0,4,1,1,1,1,NA,1,1,1,1,NA,1,1,1,1,NA,1,1,1,1,NA,1,1,1,1,NA,1,1,1,1,NA,1,1,1,1,NA,1,1,1,1,NA,1,1,1,1,NA,1,1,1,1,1,1,1,1,1,1,1,1,1,2,1,1,1,NA,1,1,1,1,NA,1,1,1,1,1,1,1,1,NA,1,1,1,1,NA,1,1,1,NA,1,1,1,1,NA,1,1,1,1,1,1,1,1,NA,1,1,1,1,NA,1,1,1,1,1,1,1,1,NA,1,1,1,1,1,1,1,1,1,NA,1,1,1,1,1,1,1,1,NA,2,2,2,2,NA,1,1,1,NA,1,1,1,1,NA,1,1,1,1,NA,1,1,1,NA,1,1,1,1,NA,1,1,1,1,NA,1,1,1,NA,1,1,1,1,NA,1,1,1,1,1,1,1,1,NA,1,1,1,1,NA,1,1,1,1,NA,2,2,2,NA,1,1,1,1,NA,0,0,0,0,NA,1,1,1,NA,0,0,0,0,NA,1,1,1,1,NA,1,1,1,NA,1,1,1,1,1,1,1,1,1,1,1,1,1,NA,100,83.33,0,8.33,4.17,0,2,2,100,90.91
"26","6324","Vulnerable",1,1,1,4,1,1,1,1,NA,1,1,1,1,NA,1,1,1,1,NA,1,1,1,1,NA,1,1,1,1,NA,1,1,1,1,NA,1,1,1,1,NA,1,1,1,1,NA,1,1,1,1,NA,1,1,1,1,1,1,1,1,1,0,0,1,2,1,2,2,1,NA,1,1,1,1,NA,1,1,1,NA,1,1,1,1,NA,1,1,1,1,1,1,1,1,1,1,1,1,1,1,1,1,1,1,NA,1,1,1,1,1,1,1,1,NA,1,1,1,1,NA,1,1,1,1,1,1,1,1,NA,1,1,1,1,1,1,1,1,NA,2,2,2,2,NA,1,1,1,1,NA,0,0,0,NA,0,0,0,0,NA,2,2,2,2,NA,0,0,0,NA,2,2,2,2,NA,1,1,1,1,NA,1,1,1,NA,2,2,2,2,NA,1,1,1,1,NA,2,2,2,NA,1,1,1,1,1,1,1,1,1,1,1,1,1,1,0,0,0,0,NA,2,2,2,2,NA,2,2,2,NA,1,1,1,1,1,0,0,0,0,NA,2,2,2,NA,0,0,0,0,NA,2,2,2,2,NA,1,1,1,1,100,37.5,0,25,12.5,0,6,6,100,50
"27","0974","Vulnerable",1,2,1,NA,1,1,1,1,NA,2,2,2,2,NA,1,1,1,1,NA,1,1,1,1,NA,1,1,1,1,NA,1,1,1,1,NA,2,2,2,2,NA,0,0,0,0,NA,0,0,0,0,NA,2,2,2,2,0,1,1,1,0,1,0,1,2,1,1,1,1,NA,1,1,1,1,1,0,0,0,NA,1,1,1,1,NA,1,1,1,1,1,1,1,1,NA,2,2,2,2,NA,1,1,1,1,NA,1,1,1,1,0,0,0,0,NA,1,1,1,1,NA,1,1,1,NA,2,2,2,2,NA,2,2,2,2,NA,0,0,0,NA,1,1,1,1,NA,0,0,0,0,NA,1,1,1,NA,1,1,1,1,NA,1,1,1,1,NA,0,0,0,NA,2,2,2,2,1.113,1,1,1,1,NA,1,1,1,NA,2,2,2,2,NA,2,2,2,2,NA,2,2,2,1.013,1,1,1,1,NA,1,1,1,1,NA,1,1,1,NA,1,1,1,1,NA,1,1,1,1,NA,1,1,1,NA,2,2,2,2,NA,2,2,2,2,NA,1,1,1,NA,2,2,2,2,NA,2,2,2,2,NA,1,1,1,NA,54.17,58.33,20.83,8.33,14.58,5,2,7,68.42,63.64
"28","8251","Vulnerable",2,1,0,4,1,1,1,1,NA,1,1,1,1,NA,1,1,1,1,NA,1,1,1,1,NA,1,1,1,1,NA,1,1,1,1,NA,1,1,1,1,NA,1,1,1,1,NA,1,1,1,1,NA,1,1,1,1,1,1,1,1,1,1,1,1,1,1,1,1,1,NA,1,1,1,1,NA,1,1,1,NA,1,1,1,1,1,1,1,1,1,1,1,1,1,1,1,1,1,1,1,1,1,1,1,NA,1,1,1,1,1,1,1,1,NA,1,1,1,1,NA,1,1,1,1,1,1,1,1,1,1,1,1,1,NA,1,1,1,1,1,1,1,1,NA,1,1,1,1,NA,1,1,1,NA,1,1,1,1,NA,2,2,2,2,NA,1,1,1,NA,2,2,2,2,NA,2,2,2,2,NA,1,1,1,NA,1,1,1,1,NA,1,1,1,1,NA,1,1,1,NA,1,1,1,1,1,1,1,1,1,1,1,1,1,1,1,1,1,1,1,1,1,1,1,1,1,1,1,1,1,1,1,1,1,1,1,1,1,1,1,1,1,1,1,1,1,1,1,1,1,1,1,1,1,1,1,1,100,87.5,0,0,0,0,0,0,100,87.5
"29","1870","Vulnerable",NA,NA,0,NA,1,1,1,1,NA,0,0,0,0,NA,1,1,1,1,NA,0,0,0,0,NA,1,1,1,1,NA,1,1,1,1,NA,0,0,0,0,NA,1,1,1,1,NA,1,1,1,1,NA,0,0,0,0,1,1,1,1,1,1,1,2,2,2,2,2,0,NA,1,1,1,1,NA,1,1,1,NA,1,1,1,1,NA,0,0,0,0,NA,1,1,1,NA,1,1,1,1,NA,1,1,1,1,NA,1,1,1,NA,1,1,1,1,NA,1,1,1,1,NA,1,1,1,NA,1,1,1,1,NA,1,1,1,1,NA,1,1,1,NA,2,2,2,2,NA,1,1,1,1,1,1,1,1,NA,1,1,1,1,NA,2,2,2,2,NA,1,1,1,NA,2,2,2,2,NA,1,1,1,1,NA,2,2,2,NA,2,2,2,2,NA,1,1,1,1,NA,2,2,2,NA,0,0,0,0,NA,2,2,2,2,NA,2,2,2,NA,2,2,2,2,NA,2,2,2,2,NA,2,2,2,NA,2,2,2,2,NA,2,2,2,2,NA,2,2,2,NA,2,2,2,2,NA,2,2,2,2,NA,0,0,0,NA,79.17,25,20.83,8.33,14.58,5,2,7,100,27.27
"30","3694","Vulnerable",NA,NA,0,4,0,0,0,0,NA,1,1,1,1,NA,1,1,1,1,NA,1,1,1,1,NA,1,1,1,1,NA,1,1,1,1,NA,1,1,1,1,NA,1,1,1,1,NA,2,2,2,2,NA,1,1,1,1,1,1,1,1,1,1,0,2,0,1,1,1,1,NA,1,1,1,1,NA,1,1,1,NA,1,1,1,1,1,1,1,1,1,1,1,1,1,1,1,1,1,1,1,1,1,1,1,1,1,1,1,1,1,1,1,1,1,1,1,1,1,NA,1,1,1,NA,1,1,1,1,1,1,1,1,1,NA,1,1,1,1,0,0,0,0,NA,1,1,1,1,NA,1,1,1,NA,0,0,0,0,NA,1,1,1,1,NA,0,0,0,NA,0,0,0,0,NA,1,1,1,1,NA,2,2,2,NA,0,0,0,0,NA,2,2,2,2,NA,0,0,0,NA,0,0,0,0,NA,1,1,1,1,1,1,1,1,1,0,0,0,0,NA,1,1,1,1,1,1,1,1,1,1,1,1,1,1,1,1,1,1,1,1,1,1,1,1,1,1,1,1,1,1,1,1,1,1,1,1,1,91.67,58.33,4.17,33.33,18.75,1,8,9,95.65,87.5
"31","6495","Control",NA,NA,0,4,1,1,1,1,NA,1,1,1,1,NA,1,1,1,1,NA,0,0,0,0,NA,1,1,1,1,NA,1,1,1,1,NA,1,1,1,1,NA,1,1,1,1,NA,1,1,1,1,NA,2,2,2,2,1,1,1,1,1,0,2,1,1,1,1,1,0,NA,1,1,1,1,NA,1,1,1,NA,1,1,1,1,NA,1,1,1,1,NA,1,1,1,1,1,1,1,1,1,1,1,1,1,NA,1,1,1,NA,1,1,1,1,NA,1,1,1,1,NA,1,1,1,NA,1,1,1,1,NA,1,1,1,1,NA,1,1,1,NA,1,1,1,1,NA,1,1,1,1,NA,0,0,0,NA,0,0,0,0,NA,1,1,1,1,NA,2,2,2,NA,1,1,1,1,NA,1,1,1,1,NA,1,1,1,NA,2,2,2,2,NA,1,1,1,1,NA,1,1,1,NA,1,1,1,1,NA,1,1,1,1,NA,1,1,1,NA,1,1,1,1,NA,1,1,1,1,NA,1,1,1,NA,1,1,1,1,NA,1,1,1,1,NA,1,1,1,NA,1,1,1,1,NA,2,2,2,2,NA,0,0,0,NA,91.67,75,4.17,12.5,8.33,1,3,4,95.65,85.71
"32","6247","Vulnerable",NA,NA,0,NA,1,1,1,1,NA,1,1,1,1,NA,1,1,1,1,NA,1,1,1,1,NA,1,1,1,1,NA,1,1,1,1,NA,2,2,2,2,NA,1,1,1,1,NA,1,1,1,1,NA,1,1,1,1,0,1,1,1,1,2,0,0,0,2,1,1,2,1,1,1,1,1,NA,0,0,0,NA,1,1,1,1,NA,1,1,1,1,1,1,1,1,NA,1,1,1,1,1,0,0,0,0,NA,1,1,1,1,1,1,1,1,1,1,1,1,1,1,1,1,1,1,1,1,1,1,1,1,1,1,1,NA,1,1,1,1,1,1,1,1,NA,0,0,0,0,NA,2,2,2,NA,0,0,0,0,NA,0,0,0,0,NA,0,0,0,NA,0,0,0,0,NA,0,0,0,0,NA,0,0,0,NA,0,0,0,0,NA,2,2,2,2,NA,0,0,0,NA,2,2,2,2,NA,2,2,2,2,NA,2,2,2,NA,1,1,1,1,NA,2,2,2,2,NA,1,1,1,1,2,2,2,2,NA,2,2,2,2,NA,1,1,1,1,1,1,1,1,1,2,2,2,2,NA,2,2,2,NA,87.5,20.83,8.33,37.5,22.92,2,9,11,95.45,33.33
"33","9593","Vulnerable",NA,NA,0,NA,2,2,2,2,NA,1,1,1,1,NA,0,0,0,0,NA,1,1,1,1,NA,1,1,1,1,NA,1,1,1,1,NA,1,1,1,1,NA,1,1,1,1,NA,2,2,2,2,NA,1,1,1,1,2,1,1,1,1,1,1,1,1,1,1,1,1,1,1,1,1,1,NA,2,2,2,NA,1,1,1,1,NA,1,1,1,1,NA,1,1,1,NA,1,1,1,1,NA,1,1,1,1,NA,1,1,1,NA,1,1,1,1,NA,1,1,1,1,NA,1,1,1,NA,1,1,1,1,1,1,1,1,1,NA,1,1,1,NA,1,1,1,1,NA,1,1,1,1,NA,1,1,1,NA,1,1,1,1,NA,1,1,1,1,NA,1,1,1,NA,1,1,1,1,NA,1,1,1,1,NA,1,1,1,NA,0,0,0,0,NA,1,1,1,1,NA,1,1,1,NA,1,1,1,1,NA,1,1,1,1,NA,1,1,1,NA,1,1,1,1,NA,1,1,1,1,NA,1,1,1,NA,1,1,1,1,NA,1,1,1,1,NA,1,1,1,NA,1,1,1,1,NA,1,1,1,1,1,1,1,1,NA,83.33,95.83,4.17,4.17,4.17,1,1,2,86.96,100
"34","4241","Vulnerable",NA,NA,0,4,1,1,1,1,NA,1,1,1,1,NA,1,1,1,1,NA,1,1,1,1,NA,2,2,2,2,NA,1,1,1,1,NA,1,1,1,1,NA,1,1,1,1,NA,1,1,1,1,NA,1,1,1,1,1,1,0,0,1,1,1,1,1,0,1,0,1,1,1,1,1,1,NA,1,1,1,1,1,1,1,1,NA,1,1,1,1,NA,1,1,1,NA,1,1,1,1,NA,1,1,1,1,NA,0,0,0,NA,1,1,1,1,NA,0,0,0,0,NA,0,0,0,NA,1,1,1,1,NA,1,1,1,1,1,1,1,1,NA,1,1,1,1,NA,1,1,1,1,NA,1,1,1,NA,1,1,1,1,NA,1,1,1,1,NA,1,1,1,1,1,1,1,1,NA,1,1,1,1,1,1,1,1,1,1,1,1,1,NA,0,0,0,0,NA,1,1,1,NA,0,0,0,0,NA,1,1,1,1,NA,0,0,0,NA,1,1,1,1,NA,1,1,1,1,NA,1,1,1,1,1,1,1,1,NA,1,1,1,1,NA,0,0,0,NA,0,0,0,0,NA,1,1,1,1,1,1,1,1,1,83.33,79.17,12.5,20.83,16.67,3,5,8,95.24,100
"35","2397","Control",NA,NA,0,4,2,2,2,2,NA,1,1,1,1,NA,1,1,1,1,NA,2,2,2,2,NA,1,1,1,1,NA,1,1,1,1,NA,2,2,2,2,NA,1,1,1,1,NA,1,1,1,1,NA,1,1,1,1,1,1,1,1,0,1,1,0,1,1,1,2,2,NA,2,2,2,2,NA,1,1,1,NA,1,1,1,1,NA,1,1,1,1,NA,1,1,1,NA,2,2,2,2,NA,1,1,1,1,NA,1,1,1,NA,2,2,2,2,NA,1,1,1,1,NA,1,1,1,1,2,2,2,2,NA,2,2,2,2,NA,0,0,0,NA,1,1,1,1,NA,1,1,1,1,NA,1,1,1,NA,2,2,2,2,NA,1,1,1,1,NA,1,1,1,NA,2,2,2,2,NA,1,1,1,1,NA,0,0,0,NA,2,2,2,2,NA,2,2,2,2,NA,1,1,1,1,1,1,1,1,NA,1,1,1,1,NA,1,1,1,NA,2,2,2,2,NA,2,2,2,2,NA,1,1,1,NA,2,2,2,2,NA,2,2,2,2,NA,2,2,2,NA,2,2,2,2,NA,2,2,2,2,NA,2,2,2,NA,62.5,45.83,4.17,4.17,4.17,1,1,2,65.22,47.83
"36","5835","Vulnerable",NA,NA,0,4,1,1,1,1,NA,1,1,1,1,NA,1,1,1,1,NA,1,1,1,1,NA,0,0,0,0,NA,1,1,1,1,NA,0,0,0,0,NA,1,1,1,1,NA,1,1,1,1,NA,0,0,0,0,1,1,1,1,1,1,1,1,1,1,0,1,1,NA,1,1,1,1,NA,1,1,1,NA,1,1,1,1,NA,1,1,1,1,1,1,1,1,NA,1,1,1,1,NA,0,0,0,0,NA,1,1,1,NA,0,0,0,0,NA,1,1,1,1,NA,1,1,1,NA,1,1,1,1,NA,1,1,1,1,NA,1,1,1,NA,1,1,1,1,NA,0,0,0,0,NA,1,1,1,NA,2,2,2,2,NA,0,0,0,0,NA,1,1,1,NA,1,1,1,1,1,1,1,1,1,NA,1,1,1,NA,2,2,2,2,1.113,1,1,1,1,NA,1,1,1,NA,0,0,0,0,NA,0,0,0,0,NA,1,1,1,NA,1,1,1,1,NA,1,1,1,1,NA,0,0,0,NA,1,1,1,1,NA,1,1,1,1,NA,1,1,1,NA,0,0,0,0,NA,1,1,1,1,NA,1,1,1,NA,79.17,66.67,20.83,25,22.92,5,6,11,100,88.89
"37","8925","Vulnerable",NA,NA,0,NA,1,1,1,1,NA,1,1,1,1,NA,1,1,1,1,NA,1,1,1,1,NA,1,1,1,1,NA,1,1,1,1,NA,1,1,1,1,NA,1,1,1,1,NA,1,1,1,1,NA,1,1,1,1,1,1,1,1,1,1,1,2,1,2,2,1,2,NA,2,2,2,2,NA,1,1,1,NA,1,1,1,1,NA,1,1,1,1,NA,1,1,1,NA,1,1,1,1,NA,1,1,1,1,NA,1,1,1,NA,1,1,1,1,NA,1,1,1,1,NA,1,1,1,NA,1,1,1,1,NA,1,1,1,1,NA,1,1,1,NA,1,1,1,1,NA,1,1,1,1,NA,1,1,1,NA,1,1,1,1,NA,1,1,1,1,NA,1,1,1,NA,1,1,1,1,NA,1,1,1,1,NA,2,2,2,NA,1,1,1,1,NA,2,2,2,2,NA,1,1,1,NA,2,2,2,2,NA,2,2,2,2,NA,2,2,2,NA,2,2,2,2,NA,2,2,2,2,NA,2,2,2,NA,1,1,1,1,NA,1,1,1,1,NA,1,1,1,NA,2,2,2,2,NA,2,2,2,2,NA,2,2,2,NA,95.83,54.17,0,0,0,0,0,0,95.83,54.17
"38","3228","Vulnerable",NA,NA,0,4,1,1,1,1,NA,1,1,1,1,NA,1,1,1,1,NA,1,1,1,1,NA,1,1,1,1,NA,1,1,1,1,NA,1,1,1,1,NA,2,2,2,2,NA,1,1,1,1,NA,1,1,1,1,1,1,1,1,1,1,1,1,1,1,1,0,1,NA,1,1,1,1,NA,1,1,1,NA,1,1,1,1,NA,1,1,1,1,NA,1,1,1,NA,1,1,1,1,NA,1,1,1,1,NA,1,1,1,NA,1,1,1,1,NA,1,1,1,1,NA,1,1,1,NA,1,1,1,1,NA,1,1,1,1,NA,1,1,1,NA,1,1,1,1,NA,1,1,1,1,NA,1,1,1,NA,1,1,1,1,NA,1,1,1,1,NA,1,1,1,NA,1,1,1,1,NA,1,1,1,1,NA,1,1,1,NA,1,1,1,1,NA,1,1,1,1,NA,1,1,1,NA,1,1,1,1,NA,2,2,2,2,NA,1,1,1,NA,2,2,2,2,NA,1,1,1,1,NA,1,1,1,NA,1,1,1,1,NA,1,1,1,1,NA,0,0,0,NA,1,1,1,1,NA,1,1,1,1,NA,1,1,1,NA,95.83,87.5,0,4.17,2.08,0,1,1,95.83,91.3
"39","6644","Control",NA,NA,0,4,2,2,2,2,NA,1,1,1,1,NA,2,2,2,2,NA,1,1,1,1,NA,2,2,2,2,NA,1,1,1,1,NA,1,1,1,1,NA,1,1,1,1,NA,2,2,2,2,NA,2,2,2,2,2,1,1,1,2,2,1,1,2,1,1,2,1,NA,2,2,2,2,NA,2,2,2,NA,1,1,1,1,NA,1,1,1,1,NA,1,1,1,NA,1,1,1,1,NA,1,1,1,1,NA,1,1,1,NA,2,2,2,2,NA,1,1,1,1,NA,1,1,1,NA,2,2,2,2,NA,1,1,1,1,NA,2,2,2,NA,1,1,1,1,NA,2,2,2,2,NA,2,2,2,NA,1,1,1,1,NA,1,1,1,1,NA,1,1,1,NA,2,2,2,2,NA,1,1,1,1,NA,1,1,1,NA,2,2,2,2,NA,1,1,1,1,NA,2,2,2,NA,2,2,2,2,NA,2,2,2,2,NA,1,1,1,NA,1,1,1,1,NA,2,2,2,2,NA,1,1,1,NA,2,2,2,2,NA,1,1,1,1,NA,2,2,2,NA,1,1,1,1,1,2,2,2,2,NA,1,1,1,NA,58.33,54.17,0,0,0,0,0,0,58.33,54.17
"40","3624","Control",NA,NA,0,4,1,1,1,1,NA,1,1,1,1,NA,1,1,1,1,NA,2,2,2,2,NA,1,1,1,1,NA,1,1,1,1,NA,0,0,0,0,NA,0,0,0,0,NA,1,1,1,1,NA,2,2,2,2,1,1,1,1,2,1,1,2,1,1,1,1,1,NA,0,0,0,0,NA,1,1,1,NA,2,2,2,2,NA,1,1,1,1,NA,1,1,1,NA,2,2,2,2,NA,1,1,1,1,NA,1,1,1,NA,2,2,2,2,NA,1,1,1,1,1,1,1,1,NA,2,2,2,2,NA,1,1,1,1,NA,2,2,2,NA,1,1,1,1,NA,1,1,1,1,NA,1,1,1,NA,2,2,2,2,NA,2,2,2,2,NA,1,1,1,NA,2,2,2,2,NA,0,0,0,0,NA,2,2,2,NA,2,2,2,2,NA,2,2,2,2,NA,1,1,1,NA,2,2,2,2,NA,2,2,2,2,NA,1,1,1,NA,2,2,2,2,NA,1,1,1,1,NA,1,1,1,NA,2,2,2,2,NA,2,2,2,2,NA,1,1,1,NA,2,2,2,2,NA,2,2,2,2,NA,1,1,1,NA,58.33,41.67,12.5,4.17,8.33,3,1,4,66.67,43.48
"41","7107","Vulnerable",NA,NA,0,4,0,0,0,0,NA,1,1,1,1,NA,1,1,1,1,NA,0,0,0,0,NA,1,1,1,1,NA,1,1,1,1,NA,1,1,1,1,NA,1,1,1,1,NA,1,1,1,1,NA,1,1,1,1,0,1,1,1,1,0,2,1,0,2,2,1,1,NA,1,1,1,1,NA,0,0,0,NA,1,1,1,1,1,1,1,1,1,NA,1,1,1,1,1,1,1,1,NA,1,1,1,1,NA,1,1,1,NA,1,1,1,1,NA,1,1,1,1,NA,1,1,1,NA,1,1,1,1,NA,1,1,1,1,NA,1,1,1,1,0,0,0,0,NA,1,1,1,1,NA,0,0,0,NA,2,2,2,2,NA,1,1,1,1,NA,2,2,2,NA,1,1,1,1,NA,1,1,1,1,NA,1,1,1,NA,1,1,1,1,NA,1,1,1,1,NA,0,0,0,NA,2,2,2,2,NA,1,1,1,1,NA,2,2,2,NA,2,2,2,2,NA,1,1,1,1,NA,2,2,2,NA,1,1,1,1,NA,1,1,1,1,NA,1,1,1,NA,0,0,0,0,NA,2,2,2,2,NA,1,1,1,NA,87.5,54.17,12.5,16.67,14.58,3,4,7,100,65
"42","0893","Vulnerable",1,2,1,4,1,1,1,1,NA,1,1,1,1,NA,1,1,1,1,NA,1,1,1,1,NA,1,1,1,1,NA,1,1,1,1,NA,1,1,1,1,NA,1,1,1,1,NA,1,1,1,1,NA,1,1,1,1,1,1,1,1,1,1,1,1,1,1,1,1,1,NA,1,1,1,1,NA,1,1,1,NA,1,1,1,1,NA,1,1,1,1,NA,1,1,1,NA,1,1,1,1,NA,1,1,1,1,NA,1,1,1,NA,1,1,1,1,NA,1,1,1,1,NA,1,1,1,NA,1,1,1,1,NA,1,1,1,1,NA,1,1,1,NA,1,1,1,1,NA,1,1,1,1,NA,1,1,1,NA,1,1,1,1,NA,1,1,1,1,NA,1,1,1,NA,1,1,1,1,NA,1,1,1,1,NA,1,1,1,NA,1,1,1,1,NA,1,1,1,1,NA,1,1,1,NA,1,1,1,1,NA,1,1,1,1,NA,1,1,1,NA,1,1,1,1,NA,1,1,1,1,NA,1,1,1,NA,1,1,1,1,NA,1,1,1,1,NA,1,1,1,NA,1,1,1,1,NA,1,1,1,1,NA,1,1,1,NA,100,100,0,0,0,0,0,0,100,100
"43","6707","Vulnerable",NA,NA,0,NA,0,0,0,0,NA,1,1,1,1,NA,1,1,1,1,NA,1,1,1,1,NA,1,1,1,1,NA,1,1,1,1,NA,1,1,1,1,NA,1,1,1,1,NA,1,1,1,1,NA,1,1,1,1,1,0,1,1,1,1,1,0,1,1,1,1,1,NA,1,1,1,1,1,1,1,1,NA,1,1,1,1,NA,1,1,1,1,NA,0,0,0,NA,1,1,1,1,NA,1,1,1,1,NA,1,1,1,NA,1,1,1,1,NA,1,1,1,1,NA,1,1,1,1,1,1,1,1,1,1,1,1,1,NA,1,1,1,1,1,1,1,1,NA,1,1,1,1,NA,1,1,1,1,1,1,1,1,NA,1,1,1,1,NA,1,1,1,NA,1,1,1,1,NA,1,1,1,1,NA,0,0,0,NA,1,1,1,1,NA,1,1,1,1,NA,1,1,1,NA,1,1,1,1,NA,1,1,1,1,NA,1,1,1,NA,0,0,0,0,NA,1,1,1,1,NA,1,1,1,NA,1,1,1,1,NA,1,1,1,1,NA,1,1,1,NA,1,1,1,1,NA,1,1,1,1,NA,1,1,1,NA,91.67,91.67,8.33,8.33,8.33,2,2,4,100,100
"44","3103","Vulnerable",NA,NA,0,4,1,1,1,1,NA,1,1,1,1,NA,1,1,1,1,NA,2,2,2,2,NA,1,1,1,1,NA,1,1,1,1,NA,1,1,1,1,NA,1,1,1,1,NA,1,1,1,1,NA,1,1,1,1,1,1,1,1,1,1,0,1,0,1,0,1,1,NA,1,1,1,1,NA,1,1,1,NA,1,1,1,1,1,1,1,1,1,NA,1,1,1,NA,1,1,1,1,NA,1,1,1,1,NA,1,1,1,1,2,2,2,2,NA,1,1,1,1,NA,1,1,1,NA,2,2,2,2,NA,1,1,1,1,1,1,1,1,1,0,0,0,0,NA,1,1,1,1,NA,1,1,1,NA,2,2,2,2,NA,2,2,2,2,NA,0,0,0,NA,1,1,1,1,NA,1,1,1,1,NA,1,1,1,NA,2,2,2,2,NA,1,1,1,1,NA,0,0,0,NA,1,1,1,1,NA,1,1,1,1,NA,1,1,1,NA,1,1,1,1,NA,1,1,1,1,NA,0,0,0,NA,1,1,1,1,NA,2,2,2,2,NA,1,1,1,NA,2,2,2,2,NA,2,2,2,2,NA,1,1,1,NA,87.5,58.33,0,16.67,8.33,0,4,4,87.5,70
"45","2431","Vulnerable",NA,NA,0,4,1,1,1,1,NA,1,1,1,1,NA,1,1,1,1,NA,1,1,1,1,NA,1,1,1,1,NA,1,1,1,1,NA,1,1,1,1,NA,1,1,1,1,NA,1,1,1,1,NA,1,1,1,1,1,1,1,1,1,1,1,1,1,2,1,2,1,NA,1,1,1,1,NA,1,1,1,NA,1,1,1,1,1,1,1,1,1,NA,1,1,1,NA,1,1,1,1,1,1,1,1,1,NA,1,1,1,NA,1,1,1,1,1,1,1,1,1,NA,1,1,1,NA,1,1,1,1,NA,1,1,1,1,NA,1,1,1,NA,0,0,0,0,NA,1,1,1,1,NA,1,1,1,NA,0,0,0,0,NA,2,2,2,2,NA,1,1,1,NA,0,0,0,0,NA,1,1,1,1,NA,1,1,1,NA,1,1,1,1,NA,1,1,1,1,NA,1,1,1,NA,1,1,1,1,NA,2,2,2,2,NA,2,2,2,NA,2,2,2,2,NA,2,2,2,2,NA,1,1,1,NA,2,2,2,2,NA,1,1,1,1,NA,2,2,2,NA,2,2,2,2,NA,1,1,1,1,NA,1,1,1,NA,100,54.17,0,12.5,6.25,0,3,3,100,61.9
"46","4961","Vulnerable",2,1,0,NA,1,1,1,1,NA,1,1,1,1,NA,1,1,1,1,NA,1,1,1,1,NA,1,1,1,1,NA,1,1,1,1,NA,1,1,1,1,NA,1,1,1,1,NA,1,1,1,1,NA,1,1,1,1,1,1,1,1,0,1,2,0,1,0,1,1,1,NA,1,1,1,1,NA,1,1,1,1,1,1,1,1,1,0,0,0,0,NA,1,1,1,NA,1,1,1,1,NA,0,0,0,0,NA,1,1,1,NA,1,1,1,1,NA,1,1,1,1,1,1,1,1,1,0,0,0,0,NA,1,1,1,1,NA,0,0,0,NA,0,0,0,0,NA,1,1,1,1,1,1,1,1,NA,1,1,1,1,NA,1,1,1,1,1,2,2,2,NA,1,1,1,1,NA,0,0,0,0,NA,0,0,0,NA,1,1,1,1,1,1,1,1,1,1,1,1,1,1,1,1,1,1,NA,1,1,1,1,NA,0,0,0,NA,0,0,0,0,NA,1,1,1,1,NA,1,1,1,NA,1,1,1,1,NA,1,1,1,1,NA,1,1,1,NA,2,2,2,2,NA,1,1,1,1,NA,1,1,1,NA,83.33,70.83,16.67,20.83,18.75,4,5,9,100,89.47
"47","5822","Vulnerable",NA,NA,0,4,1,1,1,1,NA,1,1,1,1,NA,1,1,1,1,NA,1,1,1,1,NA,1,1,1,1,NA,1,1,1,1,NA,1,1,1,1,NA,1,1,1,1,NA,1,1,1,1,NA,1,1,1,1,1,1,1,1,1,1,1,1,1,1,1,1,1,NA,1,1,1,1,NA,1,1,1,NA,1,1,1,1,NA,1,1,1,1,NA,1,1,1,NA,1,1,1,1,NA,1,1,1,1,NA,1,1,1,NA,1,1,1,1,NA,1,1,1,1,NA,1,1,1,NA,1,1,1,1,NA,1,1,1,1,NA,1,1,1,NA,1,1,1,1,NA,1,1,1,1,NA,1,1,1,NA,1,1,1,1,NA,1,1,1,1,NA,1,1,1,NA,1,1,1,1,NA,1,1,1,1,NA,1,1,1,NA,1,1,1,1,NA,1,1,1,1,NA,1,1,1,NA,1,1,1,1,NA,1,1,1,1,NA,1,1,1,NA,1,1,1,1,NA,1,1,1,1,NA,1,1,1,NA,1,1,1,1,NA,1,1,1,1,NA,1,1,1,NA,1,1,1,1,NA,1,1,1,1,NA,1,1,1,NA,100,100,0,0,0,0,0,0,100,100
"48","3178","Vulnerable",NA,NA,0,NA,1,1,1,1,NA,1,1,1,1,NA,1,1,1,1,NA,1,1,1,1,NA,1,1,1,1,NA,2,2,2,2,NA,2,2,2,2,NA,1,1,1,1,NA,1,1,1,1,NA,1,1,1,1,1,1,1,1,1,1,2,1,1,1,1,1,1,NA,1,1,1,1,NA,1,1,1,NA,0,0,0,0,NA,1,1,1,1,NA,1,1,1,NA,1,1,1,1,1,1,1,1,1,NA,1,1,1,NA,1,1,1,1,NA,1,1,1,1,NA,1,1,1,NA,2,2,2,2,1.012,1,1,1,1,NA,1,1,1,NA,1,1,1,1,1,1,1,1,1,NA,1,1,1,NA,1,1,1,1,NA,1,1,1,1,NA,2,2,2,NA,1,1,1,1,NA,1,1,1,1,NA,1,1,1,NA,1,1,1,1,NA,1,1,1,1,NA,1,1,1,NA,1,1,1,1,NA,1,1,1,1,NA,1,1,1,NA,1,1,1,1,NA,1,1,1,1,NA,1,1,1,NA,1,1,1,1,NA,1,1,1,1,NA,1,1,1,NA,1,1,1,1,NA,1,1,1,1,NA,1,1,1,NA,83.33,95.83,4.17,0,2.08,1,0,1,86.96,95.83
"49","9620","Vulnerable",NA,NA,0,4,1,1,1,1,NA,1,1,1,1,NA,1,1,1,1,NA,1,1,1,1,NA,1,1,1,1,NA,1,1,1,1,NA,1,1,1,1,NA,1,1,1,1,NA,1,1,1,1,NA,1,1,1,1,1,1,1,1,1,1,1,1,2,1,1,1,1,1,1,1,1,1,1,1,1,1,NA,2,2,2,2,NA,1,1,1,1,NA,1,1,1,NA,1,1,1,1,NA,1,1,1,1,NA,1,1,1,NA,1,1,1,1,NA,1,1,1,1,NA,1,1,1,NA,1,1,1,1,NA,1,1,1,1,NA,1,1,1,NA,1,1,1,1,NA,1,1,1,1,NA,1,1,1,NA,1,1,1,1,NA,1,1,1,1,NA,1,1,1,NA,1,1,1,1,NA,1,1,1,1,NA,1,1,1,NA,1,1,1,1,NA,1,1,1,1,NA,2,2,2,NA,1,1,1,1,NA,1,1,1,1,NA,1,1,1,NA,1,1,1,1,NA,1,1,1,1,NA,1,1,1,NA,1,1,1,1,NA,0,0,0,0,NA,1,1,1,NA,1,1,1,1,NA,1,1,1,1,NA,1,1,1,1,95.83,91.67,0,4.17,2.08,0,1,1,95.83,95.65
"50","8704","Control",NA,NA,0,4,1,1,1,1,NA,1,1,1,1,NA,1,1,1,1,NA,1,1,1,1,NA,1,1,1,1,NA,1,1,1,1,NA,1,1,1,1,NA,1,1,1,1,NA,1,1,1,1,NA,2,2,2,2,1,1,1,1,1,1,2,1,1,1,1,1,0,NA,1,1,1,1,NA,1,1,1,1,1,1,1,1,NA,1,1,1,1,NA,1,1,1,NA,1,1,1,1,NA,1,1,1,1,NA,1,1,1,NA,1,1,1,1,NA,0,0,0,0,NA,1,1,1,NA,1,1,1,1,NA,1,1,1,1,NA,1,1,1,NA,1,1,1,1,NA,1,1,1,1,NA,1,1,1,NA,1,1,1,1,NA,1,1,1,1,NA,2,2,2,NA,1,1,1,1,NA,1,1,1,1,1,1,1,1,NA,2,2,2,2,1.014,1,1,1,1,NA,1,1,1,NA,1,1,1,1,NA,1,1,1,1,NA,1,1,1,NA,1,1,1,1,NA,1,1,1,1,NA,1,1,1,NA,2,2,2,2,NA,1,1,1,1,NA,1,1,1,NA,2,2,2,2,NA,2,2,2,2,NA,0,0,0,NA,91.67,75,4.17,4.17,4.17,1,1,2,95.65,78.26
"51","5654","Control",NA,NA,0,4,1,1,1,1,NA,1,1,1,1,NA,1,1,1,1,NA,1,1,1,1,NA,1,1,1,1,NA,1,1,1,1,NA,1,1,1,1,NA,1,1,1,1,NA,1,1,1,1,NA,1,1,1,1,1,1,1,1,1,1,2,2,0,1,2,0,2,NA,1,1,1,1,NA,1,1,1,NA,1,1,1,1,NA,1,1,1,1,NA,1,1,1,NA,1,1,1,1,NA,1,1,1,1,NA,1,1,1,NA,1,1,1,1,NA,1,1,1,1,1,1,1,1,NA,1,1,1,1,NA,1,1,1,1,NA,1,1,1,1,1,1,1,1,NA,1,1,1,1,NA,1,1,1,NA,2,2,2,2,NA,2,2,2,2,NA,2,2,2,NA,2,2,2,2,NA,0,0,0,0,NA,2,2,2,NA,2,2,2,2,NA,1,1,1,1,1,0,0,0,NA,1,1,1,1,NA,1,1,1,1,NA,1,1,1,NA,2,2,2,2,NA,1,1,1,1,NA,2,2,2,NA,2,2,2,2,NA,2,2,2,2,NA,0,0,0,NA,2,2,2,2,NA,2,2,2,2,NA,2,2,2,NA,100,33.33,0,12.5,6.25,0,3,3,100,38.1
"52","4625","Vulnerable",NA,NA,0,4,1,1,1,1,NA,2,2,2,2,NA,1,1,1,1,NA,2,2,2,2,NA,1,1,1,1,NA,2,2,2,2,NA,2,2,2,2,NA,1,1,1,1,NA,2,2,2,2,NA,1,1,1,1,2,2,2,1,2,2,2,1,1,1,1,2,2,NA,1,1,1,1,NA,2,2,2,NA,1,1,1,1,1,1,1,1,1,1,2,2,2,NA,2,2,2,2,1.012,2,2,2,2,1.012,2,2,2,NA,2,2,2,2,NA,2,2,2,2,NA,1,1,1,NA,2,2,2,2,NA,2,2,2,2,NA,2,2,2,NA,0,0,0,0,NA,0,0,0,0,NA,2,2,2,NA,0,0,0,0,NA,0,0,0,0,NA,2,2,2,NA,1,1,1,1,NA,1,1,1,1,NA,1,1,1,NA,2,2,2,2,NA,2,2,2,2,NA,1,1,1,NA,2,2,2,2,NA,1,1,1,1,NA,1,1,1,NA,2,2,2,2,NA,2,2,2,2,NA,1,1,1,NA,0,0,0,0,NA,2,2,2,2,NA,2,2,2,NA,1,1,1,1,NA,1,1,1,1,NA,2,2,2,NA,37.5,37.5,0,20.83,10.42,0,5,5,37.5,47.37
"53","7772","Control",NA,NA,0,4,1,1,1,1,NA,2,2,2,2,NA,1,1,1,1,1,1,1,1,1,NA,1,1,1,1,NA,0,0,0,0,NA,1,1,1,1,NA,1,1,1,1,NA,1,1,1,1,NA,0,0,0,0,1,1,1,1,2,1,1,1,1,2,1,1,1,NA,1,1,1,1,NA,1,1,1,NA,1,1,1,1,NA,1,1,1,1,NA,1,1,1,NA,1,1,1,1,NA,1,1,1,1,NA,1,1,1,NA,2,2,2,2,NA,1,1,1,1,NA,1,1,1,NA,2,2,2,2,NA,1,1,1,1,NA,2,2,2,NA,1,1,1,1,NA,1,1,1,1,NA,1,1,1,NA,1,1,1,1,NA,1,1,1,1,NA,1,1,1,NA,1,1,1,1,NA,1,1,1,1,NA,1,1,1,NA,1,1,1,1,NA,1,1,1,1,NA,1,1,1,NA,2,2,2,2,NA,1,1,1,1,NA,2,2,2,NA,1,1,1,1,NA,0,0,0,0,NA,1,1,1,NA,2,2,2,2,NA,1,1,1,1,NA,1,1,1,NA,2,2,2,2,NA,1,1,1,1,NA,1,1,1,NA,75,79.17,8.33,4.17,6.25,2,1,3,81.82,82.61
"54","5273","Vulnerable",NA,NA,0,4,1,1,1,1,NA,1,1,1,1,NA,1,1,1,1,NA,1,1,1,1,NA,2,2,2,2,NA,1,1,1,1,NA,0,0,0,0,NA,1,1,1,1,NA,1,1,1,1,NA,1,1,1,1,1,1,1,1,1,1,1,0,1,1,1,1,1,NA,1,1,1,1,NA,1,1,1,NA,1,1,1,1,NA,1,1,1,1,NA,1,1,1,NA,1,1,1,1,NA,1,1,1,1,NA,1,1,1,NA,2,2,2,2,NA,1,1,1,1,NA,1,1,1,1,1,1,1,1,NA,1,1,1,1,NA,1,1,1,1,1,1,1,1,NA,1,1,1,1,NA,1,1,1,NA,2,2,2,2,NA,1,1,1,1,NA,1,1,1,NA,1,1,1,1,NA,1,1,1,1,NA,0,0,0,NA,1,1,1,1,NA,1,1,1,1,NA,1,1,1,NA,1,1,1,1,NA,1,1,1,1,NA,1,1,1,NA,1,1,1,1,NA,1,1,1,1,NA,1,1,1,NA,1,1,1,1,NA,1,1,1,1,NA,1,1,1,NA,1,1,1,1,NA,2,2,2,2,NA,1,1,1,NA,87.5,87.5,4.17,4.17,4.17,1,1,2,91.3,91.3
"55","6246","Vulnerable",NA,NA,0,4,1,1,1,1,NA,1,1,1,1,NA,1,1,1,1,NA,1,1,1,1,NA,1,1,1,1,NA,1,1,1,1,NA,1,1,1,1,NA,1,1,1,1,NA,1,1,1,1,NA,0,0,0,0,1,1,1,1,1,2,2,2,2,2,2,2,2,NA,1,1,1,1,NA,1,1,1,NA,1,1,1,1,NA,1,1,1,1,NA,1,1,1,NA,1,1,1,1,NA,1,1,1,1,NA,1,1,1,NA,1,1,1,1,NA,1,1,1,1,NA,1,1,1,NA,1,1,1,1,NA,1,1,1,1,NA,1,1,1,NA,2,2,2,2,NA,1,1,1,1,NA,2,2,2,NA,2,2,2,2,NA,2,2,2,2,NA,2,2,2,NA,1,1,1,1,NA,2,2,2,2,NA,2,2,2,NA,2,2,2,2,NA,2,2,2,2,NA,2,2,2,NA,2,2,2,2,NA,2,2,2,2,NA,2,2,2,NA,2,2,2,2,NA,2,2,2,2,NA,2,2,2,NA,2,2,2,2,NA,2,2,2,2,NA,2,2,2,NA,2,2,2,2,NA,2,2,2,2,NA,2,2,2,NA,95.83,8.33,4.17,0,2.08,1,0,1,100,8.33
"56","1499","Control",NA,NA,0,4,1,1,1,1,NA,0,0,0,0,NA,1,1,1,1,NA,1,1,1,1,NA,2,2,2,2,NA,1,1,1,1,NA,2,2,2,2,NA,1,1,1,1,NA,1,1,1,1,NA,1,1,1,1,1,1,1,1,1,1,2,1,1,1,2,2,2,NA,1,1,1,1,NA,1,1,1,NA,1,1,1,1,NA,1,1,1,1,NA,1,1,1,NA,1,1,1,1,1,1,1,1,1,1,1,1,1,NA,1,1,1,1,NA,1,1,1,1,NA,1,1,1,NA,1,1,1,1,NA,1,1,1,1,NA,1,1,1,NA,1,1,1,1,NA,1,1,1,1,NA,1,1,1,NA,0,0,0,0,NA,0,0,0,0,NA,2,2,2,NA,1,1,1,1,NA,2,2,2,2,NA,1,1,1,NA,2,2,2,2,NA,1,1,1,1,NA,1,1,1,NA,2,2,2,2,NA,1,1,1,1,NA,1,1,1,NA,2,2,2,2,NA,2,2,2,2,NA,2,2,2,NA,1,1,1,1,NA,2,2,2,2,NA,2,2,2,NA,2,2,2,2,NA,1,1,1,1,NA,2,2,2,NA,87.5,45.83,4.17,8.33,6.25,1,2,3,91.3,50
"57","7927","Control",NA,NA,0,NA,1,1,1,1,NA,1,1,1,1,NA,1,1,1,1,NA,1,1,1,1,NA,1,1,1,1,NA,1,1,1,1,NA,1,1,1,1,NA,1,1,1,1,NA,1,1,1,1,NA,1,1,1,1,1,1,1,1,1,1,1,1,1,1,1,1,1,NA,1,1,1,1,NA,1,1,1,NA,1,1,1,1,NA,1,1,1,1,NA,1,1,1,NA,1,1,1,1,NA,1,1,1,1,NA,1,1,1,NA,1,1,1,1,NA,0,0,0,0,NA,1,1,1,NA,1,1,1,1,1,1,1,1,1,NA,1,1,1,NA,1,1,1,1,NA,1,1,1,1,NA,1,1,1,NA,1,1,1,1,NA,1,1,1,1,NA,1,1,1,NA,1,1,1,1,NA,1,1,1,1,1,1,1,1,NA,0,0,0,0,NA,1,1,1,1,1,1,1,1,NA,1,1,1,1,NA,1,1,1,1,NA,1,1,1,NA,1,1,1,1,NA,0,0,0,0,NA,1,1,1,NA,1,1,1,1,NA,1,1,1,1,NA,1,1,1,NA,1,1,1,1,1,1,1,1,1,1,1,1,1,NA,95.83,91.67,4.17,8.33,6.25,1,2,3,100,100
"58","4423","Control",1,3,1,NA,1,1,1,1,NA,2,2,2,2,NA,1,1,1,1,NA,0,0,0,0,NA,1,1,1,1,NA,1,1,1,1,NA,1,1,1,1,1,1,1,1,1,1,1,1,1,1,NA,0,0,0,0,0,1,0,1,1,1,1,0,1,1,1,1,1,NA,0,0,0,0,NA,0,0,0,NA,1,1,1,1,1,1,1,1,1,NA,1,1,1,NA,0,0,0,0,NA,0,0,0,0,NA,0,0,0,NA,1,1,1,1,NA,1,1,1,1,1,1,1,1,1,1,1,1,1,1,1,1,1,1,1,1,1,1,NA,0,0,0,0,NA,1,1,1,1,NA,1,1,1,NA,0,0,0,0,NA,1,1,1,1,1,1,1,1,1,1,1,1,1,NA,0,0,0,0,NA,0,0,0,NA,1,1,1,1,NA,1,1,1,1,NA,1,1,1,NA,1,1,1,1,NA,1,1,1,1,NA,1,1,1,NA,0,0,0,0,NA,1,1,1,1,NA,1,1,1,NA,1,1,1,1,NA,1,1,1,1,NA,1,1,1,NA,1,1,1,1,1,1,1,1,1,NA,1,1,1,NA,66.67,79.17,29.17,20.83,25,7,5,12,94.12,100
"59","6996","Vulnerable",NA,NA,0,NA,2,2,2,2,NA,0,0,0,0,NA,2,2,2,2,NA,2,2,2,2,NA,0,0,0,0,NA,0,0,0,0,NA,2,2,2,2,NA,1,1,1,1,NA,1,1,1,1,NA,1,1,1,1,1,2,0,2,0,2,0,0,1,0,2,2,2,1,2,2,2,2,NA,1,1,1,NA,0,0,0,0,NA,2,2,2,2,NA,2,2,2,NA,1,1,1,1,NA,2,2,2,2,NA,0,0,0,NA,0,0,0,0,NA,2,2,2,2,NA,2,2,2,1.012,1,1,1,1,1,1,1,1,1,NA,0,0,0,NA,2,2,2,2,1.012,1,1,1,1,NA,2,2,2,NA,1,1,1,1,NA,1,1,1,1,NA,0,0,0,NA,2,2,2,2,1.113,2,2,2,2,NA,0,0,0,NA,0,0,0,0,NA,2,2,2,2,1.018,1,1,1,1,1,1,1,1,NA,0,0,0,0,NA,0,0,0,NA,2,2,2,2,NA,1,1,1,1,NA,2,2,2,NA,0,0,0,0,NA,2,2,2,2,NA,2,2,2,NA,2,2,2,2,NA,1,1,1,1,1,2,2,2,NA,29.17,29.17,29.17,25,27.08,7,6,13,41.18,38.89
"60","6770","Control",1,1,1,4,1,1,1,1,NA,1,1,1,1,NA,1,1,1,1,NA,1,1,1,1,NA,1,1,1,1,NA,1,1,1,1,NA,1,1,1,1,NA,1,1,1,1,NA,1,1,1,1,NA,1,1,1,1,1,1,1,1,1,1,0,0,2,1,2,1,2,1,2,2,2,2,NA,1,1,1,NA,1,1,1,1,NA,1,1,1,1,1,1,1,1,NA,1,1,1,1,NA,1,1,1,1,1,1,1,1,1,1,1,1,1,NA,1,1,1,1,NA,1,1,1,1,1,1,1,1,NA,1,1,1,1,NA,1,1,1,NA,1,1,1,1,NA,0,0,0,0,NA,1,1,1,NA,1,1,1,1,NA,0,0,0,0,NA,0,0,0,NA,1,1,1,1,NA,1,1,1,1,NA,0,0,0,NA,2,2,2,2,NA,1,1,1,1,NA,2,2,2,NA,1,1,1,1,NA,2,2,2,2,NA,1,1,1,NA,1,1,1,1,NA,2,2,2,2,NA,2,2,2,NA,0,0,0,0,NA,2,2,2,2,NA,1,1,1,NA,0,0,0,0,NA,0,0,0,0,NA,2,2,2,NA,95.83,41.67,0,29.17,14.58,0,7,7,95.83,58.82
"61","1363","Control",NA,NA,0,NA,2,2,2,2,NA,1,1,1,1,NA,1,1,1,1,NA,1,1,1,1,NA,1,1,1,1,NA,1,1,1,1,NA,2,2,2,2,NA,1,1,1,1,NA,2,2,2,2,NA,1,1,1,1,1,2,2,1,1,1,1,0,1,1,1,1,2,NA,2,2,2,2,NA,1,1,1,NA,1,1,1,1,NA,1,1,1,1,NA,2,2,2,NA,1,1,1,1,NA,2,2,2,2,NA,2,2,2,NA,1,1,1,1,1,1,1,1,1,NA,1,1,1,1,1,1,1,1,NA,2,2,2,2,1.112,1,1,1,NA,1,1,1,1,NA,1,1,1,1,NA,1,1,1,NA,1,1,1,1,NA,1,1,1,1,NA,1,1,1,NA,0,0,0,0,NA,2,2,2,2,NA,0,0,0,NA,1,1,1,1,NA,0,0,0,0,NA,1,1,1,NA,1,1,1,1,NA,2,2,2,2,NA,1,1,1,NA,2,2,2,2,NA,1,1,1,1,NA,1,1,1,NA,2,2,2,2,NA,1,1,1,1,NA,1,1,1,NA,1,1,1,1,NA,0,0,0,0,NA,2,2,2,NA,66.67,62.5,0,16.67,8.33,0,4,4,66.67,75
"62","0155","Control",NA,NA,0,4,1,1,1,1,NA,1,1,1,1,NA,1,1,1,1,NA,1,1,1,1,NA,1,1,1,1,NA,1,1,1,1,NA,1,1,1,1,NA,1,1,1,1,NA,1,1,1,1,NA,1,1,1,1,1,1,1,1,1,1,1,2,1,1,0,1,1,NA,1,1,1,1,NA,1,1,1,NA,1,1,1,1,NA,1,1,1,1,NA,1,1,1,NA,1,1,1,1,NA,1,1,1,1,NA,1,1,1,NA,1,1,1,1,NA,1,1,1,1,NA,1,1,1,NA,1,1,1,1,NA,1,1,1,1,NA,1,1,1,NA,1,1,1,1,NA,1,1,1,1,NA,1,1,1,NA,1,1,1,1,NA,1,1,1,1,NA,1,1,1,NA,1,1,1,1,NA,1,1,1,1,NA,2,2,2,NA,1,1,1,1,NA,2,2,2,2,NA,1,1,1,NA,1,1,1,1,NA,1,1,1,1,NA,1,1,1,NA,1,1,1,1,NA,1,1,1,1,NA,0,0,0,NA,1,1,1,1,NA,1,1,1,1,NA,1,1,1,NA,1,1,1,1,1,1,1,1,1,NA,1,1,1,NA,100,87.5,0,4.17,2.08,0,1,1,100,91.3
"63","4164","Control",NA,NA,0,4,1,1,1,1,NA,1,1,1,1,NA,2,2,2,2,NA,2,2,2,2,NA,2,2,2,2,NA,2,2,2,2,NA,1,1,1,1,NA,2,2,2,2,NA,0,0,0,0,NA,0,0,0,0,2,1,1,1,1,1,1,1,1,1,1,1,1,NA,1,1,1,1,NA,2,2,2,NA,1,1,1,1,1,1,1,1,1,NA,1,1,1,NA,1,1,1,1,1,1,1,1,1,NA,1,1,1,NA,1,1,1,1,NA,1,1,1,1,NA,1,1,1,NA,1,1,1,1,1,1,1,1,1,NA,1,1,1,NA,0,0,0,0,NA,1,1,1,1,NA,1,1,1,NA,0,0,0,0,NA,1,1,1,1,NA,1,1,1,NA,1,1,1,1,NA,1,1,1,1,NA,1,1,1,NA,0,0,0,0,NA,1,1,1,1,NA,1,1,1,NA,1,1,1,1,NA,1,1,1,1,NA,1,1,1,NA,1,1,1,1,NA,1,1,1,1,NA,1,1,1,NA,1,1,1,1,NA,1,1,1,1,NA,1,1,1,NA,1,1,1,1,NA,1,1,1,1,NA,1,1,1,NA,66.67,87.5,8.33,12.5,10.42,2,3,5,72.73,100
"64","6121","Control",NA,NA,0,NA,1,1,1,1,NA,1,1,1,1,NA,1,1,1,1,NA,1,1,1,1,NA,1,1,1,1,NA,1,1,1,1,NA,1,1,1,1,NA,1,1,1,1,NA,1,1,1,1,NA,1,1,1,1,1,1,1,1,1,1,0,1,1,1,1,1,1,NA,1,1,1,1,NA,1,1,1,NA,1,1,1,1,NA,1,1,1,1,NA,1,1,1,NA,1,1,1,1,NA,1,1,1,1,NA,1,1,1,1,1,1,1,1,NA,1,1,1,1,NA,1,1,1,NA,1,1,1,1,NA,1,1,1,1,NA,1,1,1,NA,1,1,1,1,NA,1,1,1,1,NA,1,1,1,NA,1,1,1,1,NA,1,1,1,1,NA,0,0,0,NA,1,1,1,1,NA,1,1,1,1,NA,1,1,1,NA,1,1,1,1,NA,1,1,1,1,NA,1,1,1,NA,1,1,1,1,NA,1,1,1,1,NA,1,1,1,NA,1,1,1,1,NA,0,0,0,0,NA,1,1,1,NA,1,1,1,1,NA,1,1,1,1,NA,1,1,1,NA,1,1,1,1,NA,1,1,1,1,NA,1,1,1,NA,100,91.67,0,8.33,4.17,0,2,2,100,100
"65","4231","Control",NA,NA,0,4,1,1,1,1,NA,1,1,1,1,NA,1,1,1,1,NA,1,1,1,1,NA,1,1,1,1,NA,1,1,1,1,NA,1,1,1,1,NA,1,1,1,1,NA,1,1,1,1,NA,1,1,1,1,1,1,1,1,1,0,2,1,1,1,1,2,2,NA,1,1,1,1,1,1,1,1,NA,1,1,1,1,NA,1,1,1,1,NA,1,1,1,1,1,1,1,1,NA,1,1,1,1,NA,1,1,1,NA,1,1,1,1,NA,1,1,1,1,1,1,1,1,NA,1,1,1,1,1,1,1,1,1,NA,1,1,1,NA,1,1,1,1,NA,1,1,1,1,NA,0,0,0,NA,1,1,1,1,NA,1,1,1,1,NA,2,2,2,NA,1,1,1,1,NA,0,0,0,0,NA,1,1,1,NA,0,0,0,0,NA,1,1,1,1,1,1,1,1,NA,2,2,2,2,NA,1,1,1,1,NA,1,1,1,NA,1,1,1,1,NA,1,1,1,1,NA,1,1,1,NA,1,1,1,1,NA,2,2,2,2,NA,2,2,2,NA,1,1,1,1,NA,1,1,1,1,NA,2,2,2,NA,100,66.67,0,12.5,6.25,0,3,3,100,76.19
"66","2854","Control",NA,NA,0,4,1,1,1,1,NA,1,1,1,1,NA,1,1,1,1,NA,1,1,1,1,NA,1,1,1,1,NA,1,1,1,1,NA,1,1,1,1,NA,1,1,1,1,NA,1,1,1,1,NA,1,1,1,1,1,1,1,1,1,1,1,1,1,1,1,1,1,NA,1,1,1,1,NA,1,1,1,NA,1,1,1,1,NA,1,1,1,1,NA,1,1,1,NA,1,1,1,1,NA,1,1,1,1,NA,1,1,1,NA,1,1,1,1,NA,1,1,1,1,NA,1,1,1,NA,1,1,1,1,NA,1,1,1,1,NA,1,1,1,NA,1,1,1,1,NA,1,1,1,1,NA,1,1,1,NA,1,1,1,1,NA,1,1,1,1,NA,1,1,1,NA,1,1,1,1,NA,1,1,1,1,NA,1,1,1,NA,1,1,1,1,NA,1,1,1,1,NA,1,1,1,NA,1,1,1,1,NA,1,1,1,1,NA,1,1,1,NA,1,1,1,1,NA,1,1,1,1,NA,1,1,1,NA,1,1,1,1,NA,1,1,1,1,NA,1,1,1,NA,1,1,1,1,NA,1,1,1,1,NA,1,1,1,NA,100,100,0,0,0,0,0,0,100,100
"67","2803","Control",NA,NA,0,4,1,1,1,1,NA,1,1,1,1,NA,1,1,1,1,NA,2,2,2,2,NA,2,2,2,2,NA,2,2,2,2,NA,2,2,2,2,NA,2,2,2,2,NA,2,2,2,2,NA,2,2,2,2,2,1,1,2,2,1,2,2,2,2,2,2,2,NA,2,2,2,2,NA,2,2,2,NA,1,1,1,1,NA,1,1,1,1,NA,1,1,1,NA,1,1,1,1,NA,1,1,1,1,NA,1,1,1,NA,1,1,1,1,NA,1,1,1,1,NA,2,2,2,NA,2,2,2,2,NA,2,2,2,2,NA,2,2,2,NA,1,1,1,1,NA,1,1,1,1,NA,1,1,1,NA,2,2,2,2,NA,2,2,2,2,NA,2,2,2,NA,2,2,2,2,NA,2,2,2,2,NA,2,2,2,NA,2,2,2,2,NA,2,2,2,2,NA,2,2,2,NA,2,2,2,2,NA,1,1,1,1,NA,2,2,2,NA,2,2,2,2,NA,2,2,2,2,NA,2,2,2,NA,2,2,2,2,NA,2,2,2,2,NA,2,2,2,NA,2,2,2,2,NA,2,2,2,2,NA,2,2,2,NA,45.83,16.67,0,0,0,0,0,0,45.83,16.67
"68","8352","Vulnerable",NA,NA,0,NA,1,1,1,1,NA,1,1,1,1,NA,1,1,1,1,NA,1,1,1,1,NA,1,1,1,1,NA,1,1,1,1,NA,1,1,1,1,NA,1,1,1,1,NA,1,1,1,1,NA,1,1,1,1,2,0,0,0,0,1,1,1,1,0,0,0,1,NA,1,1,1,1,NA,2,2,2,NA,2,2,2,2,NA,0,0,0,0,NA,0,0,0,NA,1,1,1,1,NA,0,0,0,0,NA,0,0,0,NA,0,0,0,0,NA,1,1,1,1,NA,0,0,0,NA,1,1,1,1,NA,0,0,0,0,NA,0,0,0,NA,1,1,1,1,NA,1,1,1,1,1,1,1,1,1,1,1,1,1,NA,1,1,1,1,1,1,1,1,1,1,1,1,1,1,1,1,1,1,NA,1,1,1,1,1,1,1,1,NA,1,1,1,1,1,1,1,1,1,2,2,2,2,NA,0,0,0,0,NA,0,0,0,NA,2,2,2,2,NA,0,0,0,0,NA,0,0,0,NA,1,1,1,1,NA,0,0,0,0,NA,0,0,0,NA,0,0,0,0,NA,2,2,2,2,NA,1,1,1,NA,58.33,58.33,33.33,29.17,31.25,8,7,15,87.5,82.35
"69","8987","Control",NA,NA,0,4,1,1,1,1,NA,1,1,1,1,NA,1,1,1,1,NA,2,2,2,2,NA,1,1,1,1,NA,1,1,1,1,NA,0,0,0,0,NA,1,1,1,1,NA,1,1,1,1,NA,2,2,2,2,1,1,1,1,1,1,1,1,1,1,1,1,1,NA,1,1,1,1,NA,1,1,1,NA,1,1,1,1,NA,1,1,1,1,NA,1,1,1,NA,1,1,1,1,NA,1,1,1,1,NA,1,1,1,NA,1,1,1,1,NA,1,1,1,1,NA,1,1,1,NA,1,1,1,1,NA,1,1,1,1,NA,1,1,1,NA,2,2,2,2,NA,1,1,1,1,NA,1,1,1,NA,1,1,1,1,NA,1,1,1,1,NA,1,1,1,NA,2,2,2,2,NA,1,1,1,1,NA,1,1,1,NA,1,1,1,1,NA,1,1,1,1,NA,1,1,1,NA,2,2,2,2,NA,1,1,1,1,NA,1,1,1,NA,1,1,1,1,NA,1,1,1,1,NA,1,1,1,NA,1,1,1,1,NA,1,1,1,1,NA,1,1,1,NA,1,1,1,1,NA,1,1,1,1,NA,1,1,1,NA,87.5,87.5,4.17,0,2.08,1,0,1,91.3,87.5
"70","3976","Control",NA,NA,0,NA,2,2,2,2,NA,1,1,1,1,NA,1,1,1,1,NA,0,0,0,0,NA,1,1,1,1,NA,1,1,1,1,NA,2,2,2,2,NA,1,1,1,1,NA,1,1,1,1,NA,2,2,2,2,0,1,0,0,1,1,2,0,0,0,0,0,0,NA,1,1,1,1,NA,0,0,0,NA,0,0,0,0,NA,0,0,0,0,NA,1,1,1,NA,0,0,0,0,NA,0,0,0,0,NA,0,0,0,NA,0,0,0,0,NA,1,1,1,1,NA,0,0,0,NA,2,2,2,2,1.112,1,1,1,1,1,1,1,1,1,0,0,0,0,NA,0,0,0,0,NA,1,1,1,NA,0,0,0,0,NA,0,0,0,0,NA,2,2,2,1.112,2,2,2,2,1.012,2,2,2,2,NA,0,0,0,NA,0,0,0,0,NA,0,0,0,0,NA,0,0,0,NA,0,0,0,0,NA,1,1,1,1,NA,0,0,0,NA,0,0,0,0,NA,0,0,0,0,NA,0,0,0,NA,0,0,0,0,NA,0,0,0,0,NA,0,0,0,NA,0,0,0,0,NA,0,0,0,0,NA,0,0,0,NA,45.83,8.33,37.5,79.17,58.33,9,19,28,73.33,40
"71","5918","Control",NA,NA,0,4,1,1,1,1,NA,1,1,1,1,NA,1,1,1,1,NA,1,1,1,1,NA,1,1,1,1,NA,1,1,1,1,NA,2,2,2,2,NA,1,1,1,1,NA,2,2,2,2,NA,2,2,2,2,2,1,1,1,1,1,2,2,2,1,2,2,2,NA,1,1,1,1,1,2,2,2,NA,1,1,1,1,NA,1,1,1,1,NA,1,1,1,NA,2,2,2,2,NA,1,1,1,1,NA,1,1,1,NA,2,2,2,2,NA,2,2,2,2,NA,1,1,1,NA,2,2,2,2,NA,2,2,2,2,NA,1,1,1,NA,1,1,1,1,NA,2,2,2,2,NA,1,1,1,NA,2,2,2,2,NA,2,2,2,2,NA,2,2,2,NA,2,2,2,2,NA,2,2,2,2,NA,2,2,2,NA,2,2,2,2,NA,2,2,2,2,NA,2,2,2,NA,2,2,2,2,NA,1,1,1,1,NA,1,1,1,NA,2,2,2,2,NA,1,1,1,1,NA,2,2,2,NA,2,2,2,2,NA,2,2,2,2,NA,2,2,2,NA,2,2,2,2,NA,2,2,2,2,NA,2,2,2,NA,62.5,20.83,0,0,0,0,0,0,62.5,20.83
"72","5113","Control",NA,NA,0,4,1,1,1,1,NA,1,1,1,1,NA,1,1,1,1,NA,1,1,1,1,NA,1,1,1,1,NA,1,1,1,1,NA,1,1,1,1,NA,1,1,1,1,NA,1,1,1,1,NA,1,1,1,1,1,1,1,1,1,1,2,2,2,2,2,2,2,NA,1,1,1,1,NA,1,1,1,NA,1,1,1,1,NA,1,1,1,1,NA,1,1,1,NA,1,1,1,1,1,1,1,1,1,NA,1,1,1,NA,1,1,1,1,NA,1,1,1,1,NA,1,1,1,NA,1,1,1,1,NA,1,1,1,1,NA,1,1,1,NA,2,2,2,2,NA,2,2,2,2,NA,1,1,1,NA,0,0,0,0,NA,2,2,2,2,NA,2,2,2,NA,2,2,2,2,NA,2,2,2,2,NA,2,2,2,NA,2,2,2,2,NA,2,2,2,2,NA,2,2,2,NA,2,2,2,2,NA,2,2,2,2,NA,2,2,2,NA,2,2,2,2,NA,2,2,2,2,NA,2,2,2,NA,2,2,2,2,NA,2,2,2,2,NA,2,2,2,NA,2,2,2,2,NA,2,2,2,2,NA,2,2,2,NA,100,4.17,0,4.17,2.08,0,1,1,100,4.35
"73","6335","Control",NA,NA,0,4,1,1,1,1,NA,1,1,1,1,NA,1,1,1,1,NA,1,1,1,1,NA,1,1,1,1,NA,1,1,1,1,NA,1,1,1,1,NA,1,1,1,1,NA,1,1,1,1,NA,1,1,1,1,1,1,1,1,1,1,1,2,1,1,1,1,1,NA,1,1,1,1,NA,1,1,1,NA,1,1,1,1,NA,1,1,1,1,NA,1,1,1,NA,1,1,1,1,NA,1,1,1,1,NA,1,1,1,NA,1,1,1,1,NA,1,1,1,1,NA,1,1,1,NA,1,1,1,1,NA,1,1,1,1,NA,1,1,1,NA,1,1,1,1,NA,1,1,1,1,NA,1,1,1,NA,1,1,1,1,NA,1,1,1,1,NA,1,1,1,NA,1,1,1,1,NA,1,1,1,1,NA,2,2,2,NA,1,1,1,1,NA,1,1,1,1,NA,1,1,1,NA,1,1,1,1,NA,1,1,1,1,NA,1,1,1,NA,1,1,1,1,NA,1,1,1,1,NA,1,1,1,NA,1,1,1,1,NA,1,1,1,1,NA,1,1,1,NA,1,1,1,1,NA,1,1,1,1,NA,1,1,1,NA,100,95.83,0,0,0,0,0,0,100,95.83
"74","5156","Control",NA,NA,0,4,1,1,1,1,NA,1,1,1,1,NA,1,1,1,1,NA,1,1,1,1,NA,1,1,1,1,NA,1,1,1,1,NA,1,1,1,1,NA,1,1,1,1,NA,1,1,1,1,NA,1,1,1,1,1,1,1,1,1,1,2,1,1,1,1,1,1,NA,1,1,1,1,NA,1,1,1,NA,1,1,1,1,NA,1,1,1,1,NA,1,1,1,NA,1,1,1,1,NA,1,1,1,1,NA,1,1,1,NA,1,1,1,1,NA,1,1,1,1,NA,1,1,1,NA,1,1,1,1,1,1,1,1,1,NA,1,1,1,NA,1,1,1,1,NA,1,1,1,1,NA,1,1,1,NA,1,1,1,1,NA,1,1,1,1,NA,2,2,2,NA,1,1,1,1,NA,1,1,1,1,NA,1,1,1,NA,0,0,0,0,NA,1,1,1,1,NA,1,1,1,NA,1,1,1,1,NA,1,1,1,1,NA,1,1,1,NA,1,1,1,1,NA,1,1,1,1,NA,1,1,1,NA,2,2,2,2,NA,1,1,1,1,NA,1,1,1,NA,2,2,2,2,NA,1,1,1,1,NA,1,1,1,NA,100,83.33,0,4.17,2.08,0,1,1,100,86.96
"75","0129","Control",NA,NA,0,4,1,1,1,1,NA,1,1,1,1,NA,1,1,1,1,NA,1,1,1,1,NA,1,1,1,1,NA,1,1,1,1,NA,2,2,2,2,NA,1,1,1,1,NA,1,1,1,1,NA,2,2,2,2,1,1,1,1,1,2,2,2,2,0,0,0,0,NA,1,1,1,1,NA,1,1,1,NA,1,1,1,1,NA,1,1,1,1,NA,1,1,1,NA,1,1,1,1,NA,1,1,1,1,NA,1,1,1,NA,1,1,1,1,NA,1,1,1,1,1,1,1,1,NA,1,1,1,1,1,1,1,1,1,1,1,1,1,NA,2,2,2,2,NA,1,1,1,1,NA,2,2,2,NA,2,2,2,2,NA,2,2,2,2,NA,2,2,2,NA,2,2,2,2,NA,0,0,0,0,NA,2,2,2,NA,0,0,0,0,NA,0,0,0,0,NA,2,2,2,NA,0,0,0,0,NA,2,2,2,2,NA,0,0,0,NA,0,0,0,0,NA,0,0,0,0,NA,0,0,0,NA,0,0,0,0,NA,0,0,0,0,NA,0,0,0,NA,0,0,0,0,NA,0,0,0,0,NA,0,0,0,NA,91.67,4.17,0,58.33,29.17,0,14,14,91.67,10
"76","8949","Control",NA,NA,0,4,1,1,1,1,NA,2,2,2,2,NA,2,2,2,2,NA,1,1,1,1,NA,1,1,1,1,NA,1,1,1,1,NA,1,1,1,1,NA,1,1,1,1,NA,1,1,1,1,NA,1,1,1,1,1,1,1,1,1,1,1,1,2,1,1,1,2,NA,1,1,1,1,NA,1,1,1,NA,2,2,2,2,NA,1,1,1,1,NA,1,1,1,NA,2,2,2,2,NA,2,2,2,2,NA,1,1,1,NA,2,2,2,2,NA,1,1,1,1,NA,1,1,1,NA,2,2,2,2,NA,1,1,1,1,NA,1,1,1,NA,1,1,1,1,NA,1,1,1,1,NA,1,1,1,NA,1,1,1,1,NA,1,1,1,1,NA,1,1,1,NA,1,1,1,1,NA,1,1,1,1,NA,1,1,1,NA,1,1,1,1,NA,2,2,2,2,NA,2,2,2,NA,0,0,0,0,NA,2,2,2,2,NA,1,1,1,NA,1,1,1,1,NA,1,1,1,1,NA,1,1,1,NA,2,2,2,2,NA,1,1,1,1,NA,1,1,1,NA,2,2,2,2,NA,1,1,1,1,NA,2,2,2,NA,70.83,70.83,0,4.17,2.08,0,1,1,70.83,73.91
"77","1516","Control",NA,NA,0,NA,0,0,0,0,NA,0,0,0,0,NA,1,1,1,1,NA,1,1,1,1,NA,1,1,1,1,NA,1,1,1,1,NA,1,1,1,1,NA,1,1,1,1,NA,0,0,0,0,NA,0,0,0,0,1,1,0,1,2,2,1,1,1,2,2,2,0,NA,0,0,0,0,NA,1,1,1,NA,1,1,1,1,NA,1,1,1,1,NA,1,1,1,NA,2,2,2,2,1.013,1,1,1,1,NA,0,0,0,NA,1,1,1,1,NA,1,1,1,1,1,1,1,1,NA,0,0,0,0,NA,1,1,1,1,NA,2,2,2,NA,1,1,1,1,1,1,1,1,1,NA,2,2,2,NA,0,0,0,0,NA,1,1,1,1,NA,1,1,1,1,1,1,1,1,NA,0,0,0,0,NA,1,1,1,NA,1,1,1,1,1,2,2,2,2,NA,1,1,1,NA,2,2,2,2,NA,1,1,1,1,NA,2,2,2,NA,2,2,2,2,NA,0,0,0,0,NA,2,2,2,NA,2,2,2,2,NA,1,1,1,1,NA,2,2,2,NA,1,1,1,1,NA,2,2,2,2,NA,0,0,0,NA,62.5,45.83,29.17,16.67,22.92,7,4,11,88.24,55
"78","9045","Control",NA,NA,0,4,2,2,2,2,NA,1,1,1,1,NA,1,1,1,1,NA,2,2,2,2,NA,1,1,1,1,NA,1,1,1,1,NA,2,2,2,2,NA,1,1,1,1,NA,1,1,1,1,NA,1,1,1,1,1,1,1,1,1,1,1,1,1,1,1,1,1,NA,1,1,1,1,NA,1,1,1,NA,2,2,2,2,NA,1,1,1,1,NA,1,1,1,NA,2,2,2,2,NA,1,1,1,1,NA,1,1,1,NA,2,2,2,2,NA,1,1,1,1,NA,1,1,1,NA,2,2,2,2,NA,1,1,1,1,NA,1,1,1,NA,2,2,2,2,NA,2,2,2,2,NA,1,1,1,NA,1,1,1,1,NA,1,1,1,1,NA,1,1,1,NA,2,2,2,2,NA,2,2,2,2,NA,1,1,1,NA,2,2,2,2,NA,1,1,1,1,NA,1,1,1,NA,2,2,2,2,NA,1,1,1,1,NA,1,1,1,NA,2,2,2,2,NA,1,1,1,1,NA,1,1,1,NA,2,2,2,2,NA,1,1,1,1,NA,1,1,1,NA,0,0,0,0,NA,2,2,2,2,NA,1,1,1,1,70.83,58.33,0,4.17,2.08,0,1,1,70.83,60.87
"79","4920","Control",NA,NA,0,NA,1,1,1,1,NA,1,1,1,1,NA,1,1,1,1,NA,1,1,1,1,NA,1,1,1,1,NA,1,1,1,1,NA,1,1,1,1,NA,1,1,1,1,NA,1,1,1,1,NA,1,1,1,1,1,1,0,1,1,0,1,1,1,1,1,1,1,NA,1,1,1,1,NA,1,1,1,NA,1,1,1,1,NA,1,1,1,1,NA,1,1,1,1,1,1,1,1,NA,1,1,1,1,NA,0,0,0,NA,1,1,1,1,NA,1,1,1,1,NA,1,1,1,NA,1,1,1,1,NA,1,1,1,1,NA,1,1,1,1,1,1,1,1,NA,1,1,1,1,NA,0,0,0,NA,1,1,1,1,NA,1,1,1,1,NA,1,1,1,1,1,1,1,1,NA,1,1,1,1,NA,1,1,1,NA,1,1,1,1,NA,1,1,1,1,NA,1,1,1,NA,1,1,1,1,NA,1,1,1,1,NA,1,1,1,NA,1,1,1,1,NA,1,1,1,1,NA,1,1,1,NA,1,1,1,1,NA,1,1,1,1,NA,1,1,1,NA,1,1,1,1,NA,1,1,1,1,NA,1,1,1,NA,95.83,95.83,4.17,4.17,4.17,1,1,2,100,100
"80","7803","Control",NA,NA,0,4,1,1,1,1,NA,1,1,1,1,NA,2,2,2,2,NA,2,2,2,2,NA,1,1,1,1,NA,1,1,1,1,NA,1,1,1,1,NA,1,1,1,1,NA,1,1,1,1,NA,1,1,1,1,1,2,1,1,2,1,2,2,1,1,1,2,1,NA,2,2,2,2,NA,1,1,1,NA,1,1,1,1,NA,2,2,2,2,NA,2,2,2,NA,1,1,1,1,NA,2,2,2,2,NA,1,1,1,NA,2,2,2,2,NA,2,2,2,2,NA,1,1,1,NA,1,1,1,1,NA,2,2,2,2,NA,2,2,2,1.113,1,1,1,1,1,1,1,1,1,NA,1,1,1,NA,1,1,1,1,NA,1,1,1,1,NA,2,2,2,NA,1,1,1,1,NA,1,1,1,1,NA,2,2,2,NA,2,2,2,2,NA,2,2,2,2,NA,1,1,1,NA,2,2,2,2,NA,1,1,1,1,NA,1,1,1,NA,1,1,1,1,NA,2,2,2,2,NA,1,1,1,NA,2,2,2,2,NA,1,1,1,1,NA,2,2,2,NA,2,2,2,2,NA,2,2,2,2,NA,1,1,1,NA,58.33,58.33,0,0,0,0,0,0,58.33,58.33
"81","3472","Control",NA,NA,0,4,1,1,1,1,NA,1,1,1,1,NA,1,1,1,1,NA,1,1,1,1,NA,1,1,1,1,NA,0,0,0,0,NA,1,1,1,1,NA,1,1,1,1,NA,1,1,1,1,NA,1,1,1,1,1,1,1,1,1,1,1,1,1,1,1,1,1,NA,1,1,1,1,1,1,1,1,NA,1,1,1,1,NA,1,1,1,1,NA,1,1,1,NA,1,1,1,1,NA,1,1,1,1,NA,1,1,1,NA,1,1,1,1,NA,1,1,1,1,NA,1,1,1,NA,1,1,1,1,NA,1,1,1,1,NA,1,1,1,NA,1,1,1,1,NA,1,1,1,1,NA,1,1,1,NA,1,1,1,1,NA,1,1,1,1,NA,1,1,1,NA,1,1,1,1,NA,1,1,1,1,NA,1,1,1,NA,1,1,1,1,NA,1,1,1,1,NA,1,1,1,NA,1,1,1,1,NA,1,1,1,1,NA,1,1,1,NA,1,1,1,1,NA,1,1,1,1,NA,1,1,1,NA,1,1,1,1,NA,1,1,1,1,NA,1,1,1,NA,2,2,2,2,NA,1,1,1,1,1,1,1,1,NA,95.83,95.83,4.17,0,2.08,1,0,1,100,95.83
"82","6604","Control",NA,NA,0,NA,1,1,1,1,NA,1,1,1,1,NA,1,1,1,1,NA,1,1,1,1,NA,1,1,1,1,NA,1,1,1,1,NA,1,1,1,1,NA,1,1,1,1,NA,1,1,1,1,NA,1,1,1,1,1,1,1,1,1,1,1,1,1,1,1,1,1,NA,1,1,1,1,NA,1,1,1,NA,1,1,1,1,NA,1,1,1,1,NA,1,1,1,NA,1,1,1,1,NA,1,1,1,1,NA,1,1,1,NA,1,1,1,1,NA,1,1,1,1,NA,1,1,1,NA,1,1,1,1,NA,1,1,1,1,NA,1,1,1,NA,1,1,1,1,NA,1,1,1,1,NA,1,1,1,NA,1,1,1,1,NA,1,1,1,1,NA,1,1,1,NA,1,1,1,1,NA,1,1,1,1,NA,1,1,1,NA,1,1,1,1,NA,1,1,1,1,NA,1,1,1,NA,1,1,1,1,NA,1,1,1,1,NA,1,1,1,NA,1,1,1,1,NA,1,1,1,1,NA,1,1,1,NA,1,1,1,1,NA,1,1,1,1,NA,1,1,1,NA,1,1,1,1,NA,1,1,1,1,NA,1,1,1,NA,100,100,0,0,0,0,0,0,100,100
"83","6332","Vulnerable",NA,NA,0,4,1,1,1,1,NA,1,1,1,1,NA,1,1,1,1,NA,1,1,1,1,NA,1,1,1,1,NA,1,1,1,1,NA,2,2,2,2,NA,1,1,1,1,NA,1,1,1,1,NA,1,1,1,1,1,1,1,1,1,2,1,2,0,2,2,2,2,NA,1,1,1,1,NA,1,1,1,NA,1,1,1,1,NA,1,1,1,1,NA,1,1,1,NA,1,1,1,1,NA,1,1,1,1,NA,1,1,1,NA,1,1,1,1,NA,1,1,1,1,NA,1,1,1,NA,1,1,1,1,NA,1,1,1,1,NA,1,1,1,1,1,1,1,1,NA,2,2,2,2,NA,2,2,2,NA,2,2,2,2,NA,2,2,2,2,NA,1,1,1,NA,1,1,1,1,NA,2,2,2,2,NA,2,2,2,NA,1,1,1,1,NA,1,1,1,1,NA,0,0,0,NA,2,2,2,2,NA,2,2,2,2,NA,2,2,2,NA,2,2,2,2,NA,2,2,2,2,NA,2,2,2,NA,2,2,2,2,NA,2,2,2,2,NA,2,2,2,NA,2,2,2,2,NA,2,2,2,2,NA,2,2,2,NA,95.83,20.83,0,4.17,2.08,0,1,1,95.83,21.74
"84","6397","Control",NA,NA,0,NA,1,1,1,1,NA,1,1,1,1,NA,1,1,1,1,NA,1,1,1,1,NA,1,1,1,1,NA,1,1,1,1,NA,1,1,1,1,NA,1,1,1,1,NA,1,1,1,1,NA,1,1,1,1,1,1,0,1,1,1,1,1,1,1,1,1,1,NA,1,1,1,1,NA,1,1,1,NA,1,1,1,1,NA,1,1,1,1,1,1,1,1,NA,1,1,1,1,NA,1,1,1,1,NA,0,0,0,NA,1,1,1,1,NA,1,1,1,1,NA,1,1,1,NA,1,1,1,1,NA,1,1,1,1,NA,1,1,1,NA,1,1,1,1,NA,0,0,0,0,NA,1,1,1,NA,1,1,1,1,NA,1,1,1,1,NA,1,1,1,1,1,1,1,1,NA,1,1,1,1,NA,1,1,1,NA,1,1,1,1,NA,1,1,1,1,NA,1,1,1,NA,1,1,1,1,NA,1,1,1,1,NA,1,1,1,NA,1,1,1,1,NA,1,1,1,1,NA,1,1,1,NA,1,1,1,1,NA,1,1,1,1,NA,1,1,1,NA,1,1,1,1,NA,1,1,1,1,NA,1,1,1,NA,95.83,95.83,4.17,4.17,4.17,1,1,2,100,100
"85","9779","Control",NA,NA,0,4,1,1,1,1,NA,1,1,1,1,NA,1,1,1,1,NA,1,1,1,1,NA,1,1,1,1,NA,1,1,1,1,NA,1,1,1,1,NA,1,1,1,1,NA,1,1,1,1,NA,1,1,1,1,1,1,1,1,1,1,1,1,2,1,2,1,2,NA,0,0,0,0,NA,1,1,1,NA,2,2,2,2,NA,2,2,2,2,NA,1,1,1,NA,1,1,1,1,NA,1,1,1,1,NA,1,1,1,NA,1,1,1,1,NA,2,2,2,2,NA,1,1,1,NA,1,1,1,1,1,1,1,1,1,NA,1,1,1,NA,1,1,1,1,NA,1,1,1,1,NA,1,1,1,NA,1,1,1,1,NA,1,1,1,1,NA,1,1,1,NA,2,2,2,2,NA,1,1,1,1,NA,1,1,1,NA,0,0,0,0,NA,1,1,1,1,NA,2,2,2,NA,1,1,1,1,NA,1,1,1,1,NA,1,1,1,NA,1,1,1,1,NA,1,1,1,1,NA,2,2,2,NA,1,1,1,1,NA,1,1,1,1,NA,1,1,1,NA,1,1,1,1,NA,2,2,2,2,NA,2,2,2,NA,83.33,75,4.17,4.17,4.17,1,1,2,86.96,78.26
"86","5495","Control",NA,NA,0,4,1,1,1,1,NA,1,1,1,1,NA,1,1,1,1,NA,1,1,1,1,NA,1,1,1,1,NA,1,1,1,1,NA,1,1,1,1,NA,1,1,1,1,NA,1,1,1,1,NA,1,1,1,1,1,1,1,0,1,1,1,1,1,2,1,0,2,NA,1,1,1,1,NA,1,1,1,NA,1,1,1,1,NA,1,1,1,1,NA,1,1,1,NA,1,1,1,1,NA,1,1,1,1,NA,1,1,1,NA,1,1,1,1,NA,1,1,1,1,NA,0,0,0,NA,1,1,1,1,NA,1,1,1,1,NA,1,1,1,NA,1,1,1,1,NA,1,1,1,1,NA,1,1,1,NA,1,1,1,1,NA,1,1,1,1,NA,1,1,1,NA,2,2,2,2,NA,1,1,1,1,NA,1,1,1,1,1,1,1,1,NA,1,1,1,1,NA,1,1,1,NA,2,2,2,2,NA,2,2,2,2,NA,2,2,2,NA,2,2,2,2,NA,2,2,2,2,NA,1,1,1,NA,0,0,0,0,NA,0,0,0,0,NA,0,0,0,NA,2,2,2,2,NA,2,2,2,2,NA,2,2,2,NA,95.83,50,4.17,12.5,8.33,1,3,4,100,57.14
"87","2998","Control",NA,NA,0,4,2,2,2,2,NA,1,1,1,1,NA,1,1,1,1,NA,1,1,1,1,NA,1,1,1,1,NA,1,1,1,1,NA,1,1,1,1,NA,1,1,1,1,NA,1,1,1,1,NA,2,2,2,2,1,1,1,1,1,1,1,1,1,2,2,2,2,NA,1,1,1,1,NA,1,1,1,NA,2,2,2,2,NA,1,1,1,1,NA,1,1,1,NA,2,2,2,2,NA,1,1,1,1,NA,1,1,1,NA,2,2,2,2,NA,1,1,1,1,NA,1,1,1,NA,2,2,2,2,NA,1,1,1,1,NA,1,1,1,NA,1,1,1,1,NA,1,1,1,1,NA,1,1,1,NA,2,2,2,2,NA,1,1,1,1,NA,1,1,1,NA,2,2,2,2,NA,2,2,2,2,NA,1,1,1,NA,2,2,2,2,NA,1,1,1,1,NA,1,1,1,NA,2,2,2,2,NA,2,2,2,2,NA,2,2,2,NA,2,2,2,2,NA,2,2,2,2,NA,2,2,2,NA,2,2,2,2,NA,2,2,2,2,NA,2,2,2,NA,2,2,2,2,NA,2,2,2,2,NA,2,2,2,NA,75,33.33,0,0,0,0,0,0,75,33.33
"88","1867","Control",NA,NA,0,NA,1,1,1,1,NA,1,1,1,1,NA,2,2,2,2,NA,2,2,2,2,NA,1,1,1,1,NA,2,2,2,2,NA,1,1,1,1,NA,1,1,1,1,NA,2,2,2,2,NA,2,2,2,2,2,1,2,1,1,1,2,1,2,2,1,2,2,NA,2,2,2,2,NA,2,2,2,NA,2,2,2,2,NA,2,2,2,2,NA,1,1,1,NA,2,2,2,2,NA,2,2,2,2,NA,2,2,2,NA,0,0,0,0,NA,2,2,2,2,NA,1,1,1,NA,2,2,2,2,1.013,2,2,2,2,NA,1,1,1,NA,1,1,1,1,NA,1,1,1,1,NA,1,1,1,NA,1,1,1,1,NA,2,2,2,2,NA,2,2,2,NA,1,1,1,1,1,1,1,1,1,NA,1,1,1,NA,1,1,1,1,NA,2,2,2,2,NA,2,2,2,NA,2,2,2,2,NA,1,1,1,1,NA,2,2,2,NA,1,1,1,1,NA,1,1,1,1,NA,1,1,1,NA,1,1,1,1,NA,1,1,1,1,NA,2,2,2,NA,2,2,2,2,NA,1,1,1,1,NA,2,2,2,NA,33.33,62.5,4.17,0,2.08,1,0,1,34.78,62.5
"89","1126","Control",NA,NA,0,4,0,0,0,0,NA,0,0,0,0,NA,1,1,1,1,NA,1,1,1,1,NA,1,1,1,1,NA,1,1,1,1,NA,0,0,0,0,NA,1,1,1,1,NA,1,1,1,1,NA,1,1,1,1,1,1,1,1,1,1,2,0,0,1,1,1,1,NA,1,1,1,1,NA,1,1,1,NA,1,1,1,1,NA,1,1,1,1,1,1,1,1,NA,1,1,1,1,1,1,1,1,1,NA,1,1,1,NA,1,1,1,1,NA,1,1,1,1,1,1,1,1,1,1,1,1,1,1,1,1,1,1,NA,1,1,1,1,1,1,1,1,NA,0,0,0,0,NA,1,1,1,NA,0,0,0,0,NA,1,1,1,1,NA,2,2,2,NA,1,1,1,1,NA,0,0,0,0,NA,0,0,0,NA,0,0,0,0,NA,1,1,1,1,NA,0,0,0,NA,1,1,1,1,NA,1,1,1,1,NA,1,1,1,NA,1,1,1,1,NA,1,1,1,1,NA,1,1,1,NA,1,1,1,1,NA,1,1,1,1,NA,1,1,1,NA,1,1,1,1,NA,1,1,1,1,NA,1,1,1,NA,87.5,70.83,12.5,25,18.75,3,6,9,100,94.44
"90","2690","Control",NA,NA,0,4,1,1,1,1,NA,1,1,1,1,NA,1,1,1,1,NA,2,2,2,2,NA,1,1,1,1,NA,1,1,1,1,NA,1,1,1,1,NA,1,1,1,1,NA,1,1,1,1,NA,1,1,1,1,1,1,1,1,1,1,1,1,1,1,1,1,2,1,1,1,1,1,NA,1,1,1,NA,1,1,1,1,NA,0,0,0,0,NA,1,1,1,NA,1,1,1,1,NA,1,1,1,1,NA,1,1,1,NA,1,1,1,1,NA,1,1,1,1,NA,1,1,1,NA,1,1,1,1,NA,1,1,1,1,NA,1,1,1,NA,2,2,2,2,NA,1,1,1,1,1,1,1,1,NA,2,2,2,2,NA,1,1,1,1,NA,1,1,1,NA,1,1,1,1,NA,1,1,1,1,NA,1,1,1,NA,1,1,1,1,NA,2,2,2,2,NA,1,1,1,NA,0,0,0,0,NA,2,2,2,2,NA,1,1,1,NA,1,1,1,1,NA,2,2,2,2,NA,1,1,1,NA,2,2,2,2,NA,2,2,2,2,NA,1,1,1,NA,2,2,2,2,NA,1,1,1,1,NA,2,2,2,NA,91.67,58.33,4.17,4.17,4.17,1,1,2,95.65,60.87
"91","7656","Control",NA,NA,0,4,1,1,1,1,NA,1,1,1,1,NA,1,1,1,1,NA,1,1,1,1,NA,1,1,1,1,NA,1,1,1,1,NA,1,1,1,1,NA,1,1,1,1,NA,1,1,1,1,NA,1,1,1,1,1,1,1,1,1,0,0,1,2,2,2,2,2,NA,1,1,1,1,NA,1,1,1,NA,1,1,1,1,NA,1,1,1,1,NA,1,1,1,1,1,1,1,1,NA,1,1,1,1,NA,1,1,1,1,1,1,1,1,NA,1,1,1,1,NA,1,1,1,NA,1,1,1,1,NA,1,1,1,1,NA,1,1,1,NA,1,1,1,1,NA,1,1,1,1,NA,0,0,0,NA,1,1,1,1,NA,2,2,2,2,NA,0,0,0,NA,1,1,1,1,NA,2,2,2,2,NA,1,1,1,NA,2,2,2,2,NA,2,2,2,2,NA,2,2,2,NA,2,2,2,2,NA,2,2,2,2,NA,2,2,2,NA,2,2,2,2,NA,2,2,2,2,NA,2,2,2,NA,0,0,0,0,NA,2,2,2,2,NA,2,2,2,NA,2,2,2,2,NA,2,2,2,2,NA,2,2,2,NA,100,20.83,0,12.5,6.25,0,3,3,100,23.81
"92","0332","Vulnerable",NA,NA,0,4,1,1,1,1,NA,1,1,1,1,NA,1,1,1,1,NA,1,1,1,1,NA,1,1,1,1,NA,1,1,1,1,NA,1,1,1,1,NA,1,1,1,1,NA,1,1,1,1,NA,1,1,1,1,1,1,1,1,1,1,1,0,1,2,1,1,0,NA,1,1,1,1,NA,1,1,1,NA,1,1,1,1,NA,1,1,1,1,NA,1,1,1,NA,1,1,1,1,NA,1,1,1,1,NA,1,1,1,NA,1,1,1,1,NA,1,1,1,1,NA,1,1,1,1,1,1,1,1,NA,1,1,1,1,NA,1,1,1,NA,1,1,1,1,NA,1,1,1,1,NA,1,1,1,NA,1,1,1,1,NA,1,1,1,1,NA,1,1,1,NA,2,2,2,2,NA,1,1,1,1,NA,0,0,0,NA,1,1,1,1,NA,1,1,1,1,1,1,1,1,NA,1,1,1,1,NA,2,2,2,2,NA,2,2,2,NA,2,2,2,2,NA,0,0,0,0,NA,1,1,1,NA,2,2,2,2,NA,2,2,2,2,NA,1,1,1,NA,1,1,1,1,1,1,1,1,1,NA,0,0,0,NA,100,62.5,0,12.5,6.25,0,3,3,100,71.43
"93","2959","Control",NA,NA,0,4,1,1,1,1,NA,1,1,1,1,NA,1,1,1,1,NA,1,1,1,1,NA,1,1,1,1,NA,1,1,1,1,NA,1,1,1,1,NA,1,1,1,1,NA,1,1,1,1,NA,0,0,0,0,1,1,0,1,1,2,2,1,1,1,1,1,1,NA,1,1,1,1,NA,1,1,1,NA,2,2,2,2,NA,1,1,1,1,NA,1,1,1,NA,1,1,1,1,NA,1,1,1,1,NA,0,0,0,NA,1,1,1,1,NA,1,1,1,1,NA,1,1,1,NA,1,1,1,1,1,1,1,1,1,NA,1,1,1,NA,2,2,2,2,NA,2,2,2,2,NA,2,2,2,NA,1,1,1,1,NA,2,2,2,2,NA,2,2,2,1.012,2,2,2,2,NA,2,2,2,2,NA,1,1,1,NA,0,0,0,0,NA,2,2,2,2,NA,1,1,1,NA,2,2,2,2,NA,1,1,1,1,NA,1,1,1,NA,0,0,0,0,NA,0,0,0,0,NA,1,1,1,NA,1,1,1,1,NA,2,2,2,2,NA,1,1,1,NA,1,1,1,1,NA,2,2,2,2,NA,1,1,1,NA,87.5,41.67,8.33,12.5,10.42,2,3,5,95.45,47.62
"94","2939","Control",NA,NA,0,NA,0,0,0,0,NA,0,0,0,0,NA,0,0,0,0,NA,0,0,0,0,NA,0,0,0,0,NA,0,0,0,0,NA,0,0,0,0,NA,0,0,0,0,NA,0,0,0,0,NA,0,0,0,0,0,0,0,0,0,0,0,0,0,0,0,0,0,NA,0,0,0,0,NA,0,0,0,NA,0,0,0,0,NA,0,0,0,0,NA,0,0,0,NA,0,0,0,0,NA,0,0,0,0,NA,0,0,0,NA,0,0,0,0,NA,0,0,0,0,NA,0,0,0,NA,0,0,0,0,NA,0,0,0,0,NA,0,0,0,NA,0,0,0,0,NA,0,0,0,0,NA,0,0,0,NA,0,0,0,0,NA,0,0,0,0,NA,0,0,0,NA,0,0,0,0,NA,0,0,0,0,NA,0,0,0,NA,0,0,0,0,NA,0,0,0,0,NA,0,0,0,NA,0,0,0,0,NA,0,0,0,0,NA,0,0,0,NA,0,0,0,0,NA,0,0,0,0,NA,0,0,0,NA,0,0,0,0,NA,0,0,0,0,NA,0,0,0,NA,0,0,0,0,NA,0,0,0,0,NA,0,0,0,NA,0,0,100,100,100,24,24,48,NA,NA
"95","5096","Vulnerable",NA,NA,0,4,1,1,1,1,NA,1,1,1,1,NA,1,1,1,1,NA,1,1,1,1,NA,1,1,1,1,NA,1,1,1,1,NA,1,1,1,1,NA,1,1,1,1,NA,1,1,1,1,NA,1,1,1,1,1,1,1,1,1,1,1,1,1,1,1,1,1,NA,1,1,1,1,NA,1,1,1,NA,1,1,1,1,NA,1,1,1,1,NA,1,1,1,NA,1,1,1,1,NA,1,1,1,1,NA,1,1,1,NA,1,1,1,1,NA,1,1,1,1,NA,1,1,1,NA,1,1,1,1,NA,1,1,1,1,NA,1,1,1,NA,1,1,1,1,NA,1,1,1,1,NA,1,1,1,NA,1,1,1,1,NA,1,1,1,1,NA,1,1,1,NA,1,1,1,1,NA,1,1,1,1,NA,1,1,1,NA,1,1,1,1,NA,1,1,1,1,NA,1,1,1,NA,1,1,1,1,NA,1,1,1,1,NA,1,1,1,NA,1,1,1,1,NA,1,1,1,1,NA,1,1,1,NA,1,1,1,1,NA,1,1,1,1,NA,1,1,1,NA,1,1,1,1,NA,1,1,1,1,NA,1,1,1,NA,100,100,0,0,0,0,0,0,100,100
"96","9203","Control",NA,NA,0,4,1,1,1,1,NA,1,1,1,1,NA,1,1,1,1,NA,1,1,1,1,NA,1,1,1,1,NA,1,1,1,1,NA,1,1,1,1,NA,1,1,1,1,NA,1,1,1,1,NA,1,1,1,1,1,1,1,1,1,1,1,1,1,1,1,1,1,1,1,1,1,1,NA,1,1,1,NA,1,1,1,1,NA,1,1,1,1,NA,1,1,1,NA,1,1,1,1,NA,1,1,1,1,NA,1,1,1,NA,1,1,1,1,NA,1,1,1,1,NA,1,1,1,NA,1,1,1,1,NA,1,1,1,1,NA,1,1,1,1,1,1,1,1,NA,1,1,1,1,NA,1,1,1,NA,1,1,1,1,NA,1,1,1,1,NA,1,1,1,NA,1,1,1,1,NA,1,1,1,1,NA,1,1,1,NA,1,1,1,1,NA,1,1,1,1,NA,1,1,1,NA,1,1,1,1,NA,1,1,1,1,NA,1,1,1,NA,1,1,1,1,NA,1,1,1,1,NA,1,1,1,NA,1,1,1,1,NA,1,1,1,1,NA,1,1,1,NA,1,1,1,1,NA,1,1,1,1,NA,1,1,1,NA,100,100,0,0,0,0,0,0,100,100
"97","0548","Control",1,1,1,NA,1,1,1,1,NA,0,0,0,0,NA,1,1,1,1,NA,1,1,1,1,NA,1,1,1,1,NA,1,1,1,1,NA,1,1,1,1,NA,1,1,1,1,NA,1,1,1,1,NA,1,1,1,1,1,1,1,1,1,1,1,1,1,1,1,1,1,1,1,1,1,1,1,1,1,1,NA,1,1,1,1,NA,1,1,1,1,NA,1,1,1,NA,1,1,1,1,NA,1,1,1,1,NA,1,1,1,NA,1,1,1,1,NA,1,1,1,1,1,1,1,1,NA,1,1,1,1,NA,1,1,1,1,NA,1,1,1,NA,1,1,1,1,NA,1,1,1,1,NA,1,1,1,1,1,1,1,1,NA,1,1,1,1,NA,1,1,1,NA,1,1,1,1,NA,1,1,1,1,NA,1,1,1,NA,1,1,1,1,NA,1,1,1,1,1,1,1,1,NA,0,0,0,0,NA,1,1,1,1,NA,1,1,1,NA,1,1,1,1,NA,1,1,1,1,NA,1,1,1,NA,1,1,1,1,NA,1,1,1,1,NA,1,1,1,NA,1,1,1,1,NA,1,1,1,1,NA,1,1,1,NA,95.83,95.83,4.17,4.17,4.17,1,1,2,100,100
"98","9350","Control",NA,NA,0,NA,1,1,1,1,NA,1,1,1,1,NA,1,1,1,1,NA,1,1,1,1,NA,1,1,1,1,NA,1,1,1,1,NA,1,1,1,1,NA,1,1,1,1,NA,1,1,1,1,NA,1,1,1,1,1,1,1,1,1,1,1,1,1,1,1,1,1,NA,1,1,1,1,NA,1,1,1,NA,1,1,1,1,NA,1,1,1,1,NA,1,1,1,NA,1,1,1,1,NA,1,1,1,1,NA,1,1,1,NA,1,1,1,1,NA,1,1,1,1,NA,1,1,1,NA,1,1,1,1,NA,1,1,1,1,NA,1,1,1,NA,1,1,1,1,NA,1,1,1,1,NA,1,1,1,NA,1,1,1,1,NA,1,1,1,1,NA,1,1,1,NA,1,1,1,1,NA,1,1,1,1,NA,1,1,1,NA,1,1,1,1,NA,1,1,1,1,NA,1,1,1,NA,1,1,1,1,NA,1,1,1,1,NA,1,1,1,NA,1,1,1,1,NA,1,1,1,1,NA,1,1,1,NA,1,1,1,1,NA,1,1,1,1,NA,1,1,1,NA,1,1,1,1,NA,1,1,1,1,NA,1,1,1,NA,100,100,0,0,0,0,0,0,100,100
"99","2899","Control",NA,NA,0,4,1,1,1,1,NA,1,1,1,1,NA,1,1,1,1,NA,1,1,1,1,NA,1,1,1,1,NA,1,1,1,1,NA,1,1,1,1,NA,0,0,0,0,NA,1,1,1,1,NA,0,0,0,0,1,1,1,1,1,2,1,0,1,2,1,2,0,NA,1,1,1,1,NA,1,1,1,NA,1,1,1,1,1,1,1,1,1,NA,1,1,1,NA,1,1,1,1,NA,1,1,1,1,NA,1,1,1,NA,1,1,1,1,1,1,1,1,1,NA,1,1,1,1,1,1,1,1,1,1,1,1,1,NA,1,1,1,NA,0,0,0,0,NA,1,1,1,1,NA,2,2,2,NA,1,1,1,1,NA,1,1,1,1,NA,1,1,1,NA,0,0,0,0,NA,2,2,2,2,NA,0,0,0,NA,0,0,0,0,NA,1,1,1,1,NA,1,1,1,NA,1,1,1,1,NA,2,2,2,2,NA,2,2,2,NA,2,2,2,2,NA,2,2,2,2,NA,1,1,1,NA,1,1,1,1,NA,2,2,2,2,NA,2,2,2,NA,2,2,2,2,NA,1,1,1,1,NA,0,0,0,NA,91.67,41.67,8.33,20.83,14.58,2,5,7,100,52.63
"100","6055","Control",NA,NA,0,4,1,1,1,1,NA,1,1,1,1,NA,1,1,1,1,NA,1,1,1,1,NA,1,1,1,1,NA,1,1,1,1,NA,1,1,1,1,NA,1,1,1,1,NA,1,1,1,1,NA,1,1,1,1,1,1,1,1,1,1,1,2,1,1,1,1,1,NA,2,2,2,2,NA,1,1,1,NA,1,1,1,1,NA,1,1,1,1,NA,1,1,1,NA,1,1,1,1,1,1,1,1,1,NA,1,1,1,NA,1,1,1,1,NA,1,1,1,1,NA,1,1,1,NA,1,1,1,1,NA,1,1,1,1,NA,1,1,1,NA,1,1,1,1,NA,1,1,1,1,NA,1,1,1,NA,0,0,0,0,NA,1,1,1,1,NA,1,1,1,NA,1,1,1,1,NA,1,1,1,1,NA,2,2,2,NA,1,1,1,1,NA,1,1,1,1,NA,1,1,1,NA,1,1,1,1,NA,1,1,1,1,NA,1,1,1,NA,1,1,1,1,NA,2,2,2,2,NA,1,1,1,NA,1,1,1,1,NA,1,1,1,1,NA,1,1,1,NA,1,1,1,1,NA,1,1,1,1,NA,1,1,1,NA,95.83,87.5,0,4.17,2.08,0,1,1,95.83,91.3
"101","1083","Vulnerable",NA,NA,0,4,1,1,1,1,NA,1,1,1,1,NA,1,1,1,1,NA,1,1,1,1,NA,1,1,1,1,NA,1,1,1,1,NA,2,2,2,2,NA,2,2,2,2,NA,1,1,1,1,NA,1,1,1,1,1,1,1,1,2,1,1,2,2,1,1,1,2,1,2,2,2,2,NA,1,1,1,1,1,1,1,1,NA,1,1,1,1,NA,1,1,1,NA,1,1,1,1,NA,1,1,1,1,NA,1,1,1,NA,1,1,1,1,NA,1,1,1,1,1,1,1,1,NA,2,2,2,2,1.008,2,2,2,2,NA,2,2,2,NA,1,1,1,1,NA,1,1,1,1,NA,1,1,1,NA,1,1,1,1,NA,1,1,1,1,NA,1,1,1,NA,1,1,1,1,NA,0,0,0,0,NA,2,2,2,NA,0,0,0,0,NA,2,2,2,2,NA,2,2,2,NA,1,1,1,1,NA,1,1,1,1,NA,1,1,1,NA,1,1,1,1,NA,1,1,1,1,NA,1,1,1,NA,1,1,1,1,NA,1,1,1,1,NA,1,1,1,NA,2,2,2,2,NA,2,2,2,2,NA,2,2,2,NA,75,66.67,0,8.33,4.17,0,2,2,75,72.73
